path,chapter,section,title,words,code_blocks,figures,tables,math_markers,bibliography_cards,template_hits,formal_hits,mechanism_hits,tool_hits,specificity_hits,score,verdict,issues,recommendation
part-1-foundations-of-embodied-ai/module-01-from-static-ai-to-embodied-ai/section-1.1.html,1,1,Section 1.1: Static prediction vs. embodied interaction,2471,8,2,2,41,3,2,11,88,25,8,56,COURSE-READY,,Keep. Spot-check only during publication QA.
part-1-foundations-of-embodied-ai/module-01-from-static-ai-to-embodied-ai/section-1.2.html,1,2,Section 1.2: Why intelligence needs a world; the perception-action loop,1830,2,2,1,29,3,0,7,35,24,8,57,COURSE-READY,,Keep. Spot-check only during publication QA.
part-1-foundations-of-embodied-ai/module-01-from-static-ai-to-embodied-ai/section-1.3.html,1,3,"Section 1.3: Agents, environments, observations, actions, rewards, constraints",1736,2,2,1,52,3,0,47,28,13,6,55,COURSE-READY,,Keep. Spot-check only during publication QA.
part-1-foundations-of-embodied-ai/module-01-from-static-ai-to-embodied-ai/section-1.4.html,1,4,Section 1.4: Physical vs. simulated embodiment,1662,2,2,1,18,3,0,7,63,22,43,56,COURSE-READY,,Keep. Spot-check only during publication QA.
part-1-foundations-of-embodied-ai/module-01-from-static-ai-to-embodied-ai/section-1.5.html,1,5,"Section 1.5: The ""Physical AI"" framing and why 2023-2026 changed the field",1820,2,2,1,24,5,0,16,38,8,18,58,COURSE-READY,,Keep. Spot-check only during publication QA.
part-1-foundations-of-embodied-ai/module-01-from-static-ai-to-embodied-ai/section-1.6.html,1,6,"Section 1.6: Examples: vacuum, drone, autonomous vehicle, manipulator, humanoid, game agent",1759,2,1,1,30,3,0,14,44,19,18,56,COURSE-READY,,Keep. Spot-check only during publication QA.
part-1-foundations-of-embodied-ai/module-01-from-static-ai-to-embodied-ai/section-1.7.html,1,7,"Section 1.7: Why embodied AI is hard (partial observability, long horizons, safety, data cost)",2314,8,1,1,14,3,0,18,75,21,12,58,COURSE-READY,,Keep. Spot-check only during publication QA.
part-1-foundations-of-embodied-ai/module-01-from-static-ai-to-embodied-ai/section-1.8.html,1,8,Section 1.8: Map of the book,1694,2,1,1,16,3,0,13,46,8,7,55,COURSE-READY,,Keep. Spot-check only during publication QA.
part-1-foundations-of-embodied-ai/module-02-the-agent-environment-interface/section-2.1.html,2,1,Section 2.1: Agents and environments formally,1723,2,2,1,23,3,2,16,44,14,8,51,COURSE-READY,,Keep. Spot-check only during publication QA.
part-1-foundations-of-embodied-ai/module-02-the-agent-environment-interface/section-2.2.html,2,2,"Section 2.2: State, observation, hidden variables, partial observability",1702,2,2,1,23,3,0,27,43,15,11,57,COURSE-READY,,Keep. Spot-check only during publication QA.
part-1-foundations-of-embodied-ai/module-02-the-agent-environment-interface/section-2.3.html,2,3,"Section 2.3: Action types: discrete, continuous, symbolic, motor-level, chunked",2205,8,2,1,28,3,2,15,91,23,9,54,COURSE-READY,,Keep. Spot-check only during publication QA.
part-1-foundations-of-embodied-ai/module-02-the-agent-environment-interface/section-2.4.html,2,4,"Section 2.4: Rewards, goals, costs, constraints",1599,2,2,1,16,3,0,50,39,15,7,55,COURSE-READY,,Keep. Spot-check only during publication QA.
part-1-foundations-of-embodied-ai/module-02-the-agent-environment-interface/section-2.5.html,2,5,"Section 2.5: Episodes, horizons, trajectories, discounting",1583,2,2,1,39,3,0,17,43,18,7,55,COURSE-READY,,Keep. Spot-check only during publication QA.
part-1-foundations-of-embodied-ai/module-02-the-agent-environment-interface/section-2.6.html,2,6,Section 2.6: Markov decision processes; Bellman equations,1645,2,1,1,43,3,1,74,34,15,3,48,COURSE-READY,,Keep. Spot-check only during publication QA.
part-1-foundations-of-embodied-ai/module-02-the-agent-environment-interface/section-2.7.html,2,7,Section 2.7: Partially observable MDPs; belief states,2267,8,1,1,35,3,0,51,87,26,6,57,COURSE-READY,,Keep. Spot-check only during publication QA.
part-1-foundations-of-embodied-ai/module-02-the-agent-environment-interface/section-2.8.html,2,8,Section 2.8: Why embodiment is usually partially observable,1649,2,1,1,13,3,0,20,50,13,12,55,COURSE-READY,,Keep. Spot-check only during publication QA.
part-1-foundations-of-embodied-ai/module-03-embodied-system-architectures/section-3.1.html,3,1,"Section 3.1: The canonical stack: sense, perceive, estimate, predict, plan, control, act",1947,2,2,1,34,3,2,5,61,8,4,45,COURSE-READY,,Keep. Spot-check only during publication QA.
part-1-foundations-of-embodied-ai/module-03-embodied-system-architectures/section-3.2.html,3,2,Section 3.2: Classical modular robotics pipeline,2351,8,2,1,20,3,2,10,113,19,4,50,COURSE-READY,,Keep. Spot-check only during publication QA.
part-1-foundations-of-embodied-ai/module-03-embodied-system-architectures/section-3.3.html,3,3,Section 3.3: End-to-end learned policy pipeline,1786,2,2,1,20,3,2,43,57,8,4,47,COURSE-READY,,Keep. Spot-check only during publication QA.
part-1-foundations-of-embodied-ai/module-03-embodied-system-architectures/section-3.4.html,3,4,Section 3.4: Hybrid and hierarchical architectures,1764,2,2,1,24,3,2,8,56,8,5,48,COURSE-READY,,Keep. Spot-check only during publication QA.
part-1-foundations-of-embodied-ai/module-03-embodied-system-architectures/section-3.5.html,3,5,Section 3.5: Reactive vs. deliberative agents,1768,2,2,1,28,3,2,6,57,9,4,45,COURSE-READY,,Keep. Spot-check only during publication QA.
part-1-foundations-of-embodied-ai/module-03-embodied-system-architectures/section-3.6.html,3,6,Section 3.6: Dual-system (System 1 / System 2) designs and where they come from,1881,2,1,1,24,3,2,8,58,8,11,51,COURSE-READY,,Keep. Spot-check only during publication QA.
part-1-foundations-of-embodied-ai/module-03-embodied-system-architectures/section-3.7.html,3,7,"Section 3.7: Where LLMs, VLMs, and VLAs sit in the stack",1964,2,1,2,14,3,2,6,62,9,42,50,COURSE-READY,,Keep. Spot-check only during publication QA.
part-1-foundations-of-embodied-ai/module-03-embodied-system-architectures/section-3.8.html,3,8,Section 3.8: Failure modes of each architecture,2400,8,1,2,15,3,2,11,145,21,6,52,COURSE-READY,,Keep. Spot-check only during publication QA.
part-10-multi-agent-and-human-centered-embodiment/module-49-multi-agent-embodied-ai/section-49.1.html,49,1,Section 49.1: One agent vs. many,2096,3,2,2,23,2,0,7,89,17,5,58,COURSE-READY,,Keep. Spot-check only during publication QA.
part-10-multi-agent-and-human-centered-embodiment/module-49-multi-agent-embodied-ai/section-49.2.html,49,2,"Section 49.2: Cooperation, competition, communication",1926,3,2,2,17,2,0,12,81,17,8,62,COURSE-READY,,Keep. Spot-check only during publication QA.
part-10-multi-agent-and-human-centered-embodiment/module-49-multi-agent-embodied-ai/section-49.3.html,49,3,Section 49.3: Shared perception and task allocation,2007,3,2,2,16,2,0,7,74,15,6,59,COURSE-READY,,Keep. Spot-check only during publication QA.
part-10-multi-agent-and-human-centered-embodiment/module-49-multi-agent-embodied-ai/section-49.4.html,49,4,Section 49.4: Multi-agent RL (with PettingZoo),1976,3,2,2,17,2,0,13,77,58,8,62,COURSE-READY,,Keep. Spot-check only during publication QA.
part-10-multi-agent-and-human-centered-embodiment/module-49-multi-agent-embodied-ai/section-49.5.html,49,5,Section 49.5: Swarms and emergent behavior; evaluating teams,2001,3,2,2,16,2,0,4,82,19,5,55,COURSE-READY,,Keep. Spot-check only during publication QA.
part-10-multi-agent-and-human-centered-embodiment/module-50-human-robot-interaction/section-50.1.html,50,1,Section 50.1: Robots among humans,1912,3,2,2,19,2,0,6,74,14,4,56,COURSE-READY,,Keep. Spot-check only during publication QA.
part-10-multi-agent-and-human-centered-embodiment/module-50-human-robot-interaction/section-50.2.html,50,2,Section 50.2: Natural-language interaction and social navigation,2000,3,2,2,22,2,0,14,72,11,3,57,COURSE-READY,,Keep. Spot-check only during publication QA.
part-10-multi-agent-and-human-centered-embodiment/module-50-human-robot-interaction/section-50.3.html,50,3,Section 50.3: Intent recognition and trust calibration,1983,3,2,2,19,2,0,8,115,11,46,62,COURSE-READY,,Keep. Spot-check only during publication QA.
part-10-multi-agent-and-human-centered-embodiment/module-50-human-robot-interaction/section-50.4.html,50,4,Section 50.4: Explainable robot behavior,1901,3,2,2,16,2,0,12,72,13,6,60,COURSE-READY,,Keep. Spot-check only during publication QA.
part-10-multi-agent-and-human-centered-embodiment/module-50-human-robot-interaction/section-50.5.html,50,5,Section 50.5: Human feedback and shared autonomy,1947,3,2,2,26,2,0,13,69,14,12,62,COURSE-READY,,Keep. Spot-check only during publication QA.
part-10-multi-agent-and-human-centered-embodiment/module-50-human-robot-interaction/section-50.6.html,50,6,Section 50.6: Ethical concerns,1920,3,2,2,24,2,0,7,67,14,17,61,COURSE-READY,,Keep. Spot-check only during publication QA.
part-10-multi-agent-and-human-centered-embodiment/module-51-open-world-and-lifelong-embodiment/section-51.1.html,51,1,Section 51.1: Closed- vs. open-world tasks,1969,3,2,2,18,2,0,11,70,15,4,58,COURSE-READY,,Keep. Spot-check only during publication QA.
part-10-multi-agent-and-human-centered-embodiment/module-51-open-world-and-lifelong-embodiment/section-51.2.html,51,2,Section 51.2: Novel objects and instructions; changing environments,2003,3,2,2,16,2,0,13,68,17,6,60,COURSE-READY,,Keep. Spot-check only during publication QA.
part-10-multi-agent-and-human-centered-embodiment/module-51-open-world-and-lifelong-embodiment/section-51.3.html,51,3,Section 51.3: Long-horizon tasks,1890,3,2,2,17,2,0,8,74,25,4,58,COURSE-READY,,Keep. Spot-check only during publication QA.
part-10-multi-agent-and-human-centered-embodiment/module-51-open-world-and-lifelong-embodiment/section-51.4.html,51,4,Section 51.4: Continual learning and catastrophic forgetting,1961,3,2,2,19,2,0,12,71,15,3,57,COURSE-READY,,Keep. Spot-check only during publication QA.
part-10-multi-agent-and-human-centered-embodiment/module-51-open-world-and-lifelong-embodiment/section-51.5.html,51,5,Section 51.5: Memory and experience replay; open-world evaluation,2004,3,2,2,18,2,0,9,75,18,7,61,COURSE-READY,,Keep. Spot-check only during publication QA.
part-11-evaluation-safety-robustness-and-deployment/module-52-evaluating-embodied-systems/section-52.1.html,52,1,Section 52.1: Why accuracy is not enough,1223,1,2,1,26,2,0,11,31,10,13,52,COURSE-READY,,Keep. Spot-check only during publication QA.
part-11-evaluation-safety-robustness-and-deployment/module-52-evaluating-embodied-systems/section-52.2.html,52,2,"Section 52.2: Success rate, path efficiency, time and energy cost",1079,1,1,1,25,2,0,6,31,8,9,48,COURSE-READY,,Keep. Spot-check only during publication QA.
part-11-evaluation-safety-robustness-and-deployment/module-52-evaluating-embodied-systems/section-52.3.html,52,3,Section 52.3: Safety violations and constraint satisfaction,1012,1,1,1,19,2,0,28,17,8,9,50,COURSE-READY,,Keep. Spot-check only during publication QA.
part-11-evaluation-safety-robustness-and-deployment/module-52-evaluating-embodied-systems/section-52.4.html,52,4,Section 52.4: Robustness and generalization metrics,1026,1,1,1,25,2,0,12,34,4,12,46,COURSE-READY,,Keep. Spot-check only during publication QA.
part-11-evaluation-safety-robustness-and-deployment/module-52-evaluating-embodied-systems/section-52.5.html,52,5,Section 52.5: Reproducible evaluation: SIMPLER and sim-as-proxy,1081,1,1,1,22,2,0,4,23,11,12,47,COURSE-READY,,Keep. Spot-check only during publication QA.
part-11-evaluation-safety-robustness-and-deployment/module-52-evaluating-embodied-systems/section-52.6.html,52,6,Section 52.6: Real-world evaluation hygiene; benchmark design,1013,1,1,1,16,2,0,8,23,6,13,48,COURSE-READY,,Keep. Spot-check only during publication QA.
part-11-evaluation-safety-robustness-and-deployment/module-53-robustness-and-uncertainty/section-53.1.html,53,1,"Section 53.1: What goes wrong: sensor noise, distribution shift",1016,1,1,1,22,2,0,12,45,4,12,46,COURSE-READY,,Keep. Spot-check only during publication QA.
part-11-evaluation-safety-robustness-and-deployment/module-53-robustness-and-uncertainty/section-53.2.html,53,2,Section 53.2: Model uncertainty and calibration,1169,1,1,2,23,2,0,15,51,15,48,53,COURSE-READY,,Keep. Spot-check only during publication QA.
part-11-evaluation-safety-robustness-and-deployment/module-53-robustness-and-uncertainty/section-53.3.html,53,3,Section 53.3: Out-of-distribution detection,1174,1,1,2,20,2,0,10,28,14,26,53,COURSE-READY,,Keep. Spot-check only during publication QA.
part-11-evaluation-safety-robustness-and-deployment/module-53-robustness-and-uncertainty/section-53.4.html,53,4,Section 53.4: Runtime monitoring and fail-safe behavior,1037,1,1,1,20,2,0,22,34,4,36,46,COURSE-READY,,Keep. Spot-check only during publication QA.
part-11-evaluation-safety-robustness-and-deployment/module-54-safety-in-embodied-ai/section-54.1.html,54,1,Section 54.1: Why embodied safety is different (physical harm),1012,1,1,1,22,2,0,18,17,4,36,46,COURSE-READY,,Keep. Spot-check only during publication QA.
part-11-evaluation-safety-robustness-and-deployment/module-54-safety-in-embodied-ai/section-54.2.html,54,2,Section 54.2: Constraint violations and safe exploration,1024,1,1,1,20,2,0,18,13,4,17,44,COURSE-READY,,Keep. Spot-check only during publication QA.
part-11-evaluation-safety-robustness-and-deployment/module-54-safety-in-embodied-ai/section-54.3.html,54,3,Section 54.3: Control barrier functions and Hamilton-Jacobi reachability,1214,1,1,2,25,2,0,18,19,12,10,53,COURSE-READY,,Keep. Spot-check only during publication QA.
part-11-evaluation-safety-robustness-and-deployment/module-54-safety-in-embodied-ai/section-54.4.html,54,4,Section 54.4: Shielded policies and safety filters,1044,1,1,1,17,2,0,17,17,3,37,45,COURSE-READY,,Keep. Spot-check only during publication QA.
part-11-evaluation-safety-robustness-and-deployment/module-54-safety-in-embodied-ai/section-54.5.html,54,5,Section 54.5: Human override and safety testing,1040,1,1,1,17,2,0,5,26,4,17,43,COURSE-READY,,Keep. Spot-check only during publication QA.
part-11-evaluation-safety-robustness-and-deployment/module-54-safety-in-embodied-ai/section-54.6.html,54,6,Section 54.6: Deployment approval and safety cases,1236,1,1,2,21,2,0,7,15,11,36,51,COURSE-READY,,Keep. Spot-check only during publication QA.
part-11-evaluation-safety-robustness-and-deployment/module-54-safety-in-embodied-ai/section-54.7.html,54,7,Section 54.7: Safety Cases And Assurance Arguments For Embodied AI,1161,1,1,1,27,3,0,4,15,3,30,41,COURSE-READY,,Keep. Spot-check only during publication QA.
part-11-evaluation-safety-robustness-and-deployment/module-55-deployment-architecture/section-55.1.html,55,1,Section 55.1: From notebook to robot,1636,1,3,1,44,2,0,24,44,9,16,56,COURSE-READY,,Keep. Spot-check only during publication QA.
part-11-evaluation-safety-robustness-and-deployment/module-55-deployment-architecture/section-55.2.html,55,2,Section 55.2: Real-time inference and control rates,1372,1,2,1,22,2,0,17,40,11,15,53,COURSE-READY,,Keep. Spot-check only during publication QA.
part-11-evaluation-safety-robustness-and-deployment/module-55-deployment-architecture/section-55.3.html,55,3,Section 55.3: Edge vs. cloud-robot computation; asynchronous inference,1327,1,2,1,20,2,0,10,39,10,22,53,COURSE-READY,,Keep. Spot-check only during publication QA.
part-11-evaluation-safety-robustness-and-deployment/module-55-deployment-architecture/section-55.4.html,55,4,"Section 55.4: Logging, monitoring, model updates",1334,1,2,1,24,2,0,7,52,12,37,52,COURSE-READY,,Keep. Spot-check only during publication QA.
part-11-evaluation-safety-robustness-and-deployment/module-55-deployment-architecture/section-55.5.html,55,5,"Section 55.5: Failure recovery, security, maintenance",1355,1,2,1,14,2,0,5,56,10,18,49,COURSE-READY,,Keep. Spot-check only during publication QA.
part-11-evaluation-safety-robustness-and-deployment/module-55-deployment-architecture/section-55.6.html,55,6,"Section 55.6: Industrial Fleets, Open-RMF, AMR Interoperability, And Operations",1405,1,2,1,17,6,0,5,53,4,12,46,COURSE-READY,,Keep. Spot-check only during publication QA.
part-12-frontiers-capstones-and-course-design/module-56-embodied-agents-with-memory/section-56.1.html,56,1,Section 56.1: Why memory matters; short- vs. long-term,1123,1,2,0,24,2,0,8,14,5,11,46,COURSE-READY,,Keep. Spot-check only during publication QA.
part-12-frontiers-capstones-and-course-design/module-56-embodied-agents-with-memory/section-56.2.html,56,2,"Section 56.2: Spatial, episodic, and semantic memory",1119,1,1,1,23,2,0,4,13,14,9,45,COURSE-READY,,Keep. Spot-check only during publication QA.
part-12-frontiers-capstones-and-course-design/module-56-embodied-agents-with-memory/section-56.3.html,56,3,Section 56.3: Memory retrieval for planning,1062,1,1,0,20,2,0,7,8,4,12,39,COURSE-READY,,Keep. Spot-check only during publication QA.
part-12-frontiers-capstones-and-course-design/module-56-embodied-agents-with-memory/section-56.4.html,56,4,Section 56.4: Memory errors,1125,1,1,1,22,2,0,5,16,12,8,48,COURSE-READY,,Keep. Spot-check only during publication QA.
part-12-frontiers-capstones-and-course-design/module-57-continual-and-lifelong-learning/section-57.1.html,57,1,Section 57.1: Learning after deployment,995,1,1,1,26,2,0,3,13,4,5,36,COURSE-READY,,Keep. Spot-check only during publication QA.
part-12-frontiers-capstones-and-course-design/module-57-continual-and-lifelong-learning/section-57.2.html,57,2,Section 57.2: Catastrophic forgetting and mitigation,977,1,1,1,20,2,0,9,27,7,1,42,COURSE-READY,,Keep. Spot-check only during publication QA.
part-12-frontiers-capstones-and-course-design/module-57-continual-and-lifelong-learning/section-57.3.html,57,3,Section 57.3: Online adaptation; human correction as data,1007,1,1,1,22,2,0,4,15,5,4,38,COURSE-READY,,Keep. Spot-check only during publication QA.
part-12-frontiers-capstones-and-course-design/module-57-continual-and-lifelong-learning/section-57.4.html,57,4,Section 57.4: Safe continual learning; evaluation over time,958,1,1,1,28,2,0,2,10,4,7,36,COURSE-READY,,Keep. Spot-check only during publication QA.
part-12-frontiers-capstones-and-course-design/module-58-frontier-and-open-problems/section-58.1.html,58,1,Section 58.1: Scaling laws and data engines for robots,1988,2,1,1,30,2,0,8,73,11,9,57,COURSE-READY,,Keep. Spot-check only during publication QA.
part-12-frontiers-capstones-and-course-design/module-58-frontier-and-open-problems/section-58.2.html,58,2,Section 58.2: Generalist vs. specialist policies,1809,2,1,1,23,2,0,18,69,10,20,57,COURSE-READY,,Keep. Spot-check only during publication QA.
part-12-frontiers-capstones-and-course-design/module-58-frontier-and-open-problems/section-58.3.html,58,3,Section 58.3: World models in the robot loop,1845,2,1,1,21,2,0,15,65,14,10,57,COURSE-READY,,Keep. Spot-check only during publication QA.
part-12-frontiers-capstones-and-course-design/module-58-frontier-and-open-problems/section-58.4.html,58,4,Section 58.4: The open-vs-closed model divide,1808,2,1,1,16,2,0,4,57,6,12,51,COURSE-READY,,Keep. Spot-check only during publication QA.
part-12-frontiers-capstones-and-course-design/module-58-frontier-and-open-problems/section-58.5.html,58,5,"Section 58.5: What is still unsolved (long-horizon reasoning, reliability, real-world RL)",1881,2,1,1,20,2,0,5,67,9,16,54,COURSE-READY,,Keep. Spot-check only during publication QA.
part-12-frontiers-capstones-and-course-design/module-58-frontier-and-open-problems/section-58.99.html,58,99,Section 58.99: Frontier Watch,1728,2,1,1,16,2,0,3,46,8,16,51,COURSE-READY,,Keep. Spot-check only during publication QA.
part-12-frontiers-capstones-and-course-design/module-59-capstone-projects/section-59.1.html,59,1,Section 59.1: Object search in a simulated home,1795,2,1,1,25,2,0,6,62,18,2,48,COURSE-READY,,Keep. Spot-check only during publication QA.
part-12-frontiers-capstones-and-course-design/module-59-capstone-projects/section-59.10.html,59,10,Section 59.10: Multi-agent search and rescue,1688,2,1,1,23,2,0,10,59,13,2,50,COURSE-READY,,Keep. Spot-check only during publication QA.
part-12-frontiers-capstones-and-course-design/module-59-capstone-projects/section-59.11.html,59,11,Section 59.11: Open-ended research project,1728,2,1,1,24,2,0,8,85,18,1,49,COURSE-READY,,Keep. Spot-check only during publication QA.
part-12-frontiers-capstones-and-course-design/module-59-capstone-projects/section-59.12.html,59,12,Section 59.12: Application Track Capstone Templates,1972,2,2,2,19,5,0,13,63,33,14,60,COURSE-READY,,Keep. Spot-check only during publication QA.
part-12-frontiers-capstones-and-course-design/module-59-capstone-projects/section-59.2.html,59,2,Section 59.2: Language-guided navigation with replanning,1772,2,1,1,24,2,0,13,56,15,2,50,COURSE-READY,,Keep. Spot-check only during publication QA.
part-12-frontiers-capstones-and-course-design/module-59-capstone-projects/section-59.3.html,59,3,Section 59.3: Vision-based robotic pick-and-place (IL + RL),1768,2,1,1,17,2,0,13,68,15,21,56,COURSE-READY,,Keep. Spot-check only during publication QA.
part-12-frontiers-capstones-and-course-design/module-59-capstone-projects/section-59.4.html,59,4,Section 59.4: Fine-tune an open VLA on a custom task (LeRobot),1834,2,0,1,20,2,0,8,58,17,35,56,COURSE-READY,,Keep. Spot-check only during publication QA.
part-12-frontiers-capstones-and-course-design/module-59-capstone-projects/section-59.5.html,59,5,Section 59.5: Learned locomotion with sim-to-real analysis,1715,2,0,1,20,2,0,9,61,16,8,55,COURSE-READY,,Keep. Spot-check only during publication QA.
part-12-frontiers-capstones-and-course-design/module-59-capstone-projects/section-59.6.html,59,6,Section 59.6: World-model-based planning agent,1716,2,0,1,19,2,0,16,66,15,9,55,COURSE-READY,,Keep. Spot-check only during publication QA.
part-12-frontiers-capstones-and-course-design/module-59-capstone-projects/section-59.7.html,59,7,Section 59.7: Safety-shielded embodied agent,1705,2,0,1,25,2,0,9,53,17,48,55,COURSE-READY,,Keep. Spot-check only during publication QA.
part-12-frontiers-capstones-and-course-design/module-59-capstone-projects/section-59.8.html,59,8,Section 59.8: LLM-based household task planner,1688,2,0,1,20,2,0,5,51,13,2,46,COURSE-READY,,Keep. Spot-check only during publication QA.
part-12-frontiers-capstones-and-course-design/module-59-capstone-projects/section-59.9.html,59,9,Section 59.9: Drone inspection planner,1665,2,0,1,19,2,0,8,59,14,3,50,COURSE-READY,,Keep. Spot-check only during publication QA.
part-12-frontiers-capstones-and-course-design/module-60-teaching-with-this-book/section-60.1.html,60,1,Section 60.1: One-semester graduate course (14 weeks),1726,2,1,1,24,2,0,4,53,14,4,48,COURSE-READY,,Keep. Spot-check only during publication QA.
part-12-frontiers-capstones-and-course-design/module-60-teaching-with-this-book/section-60.2.html,60,2,"Section 60.2: One-semester advanced undergraduate course (lighter theory, more labs)",1800,2,1,1,29,2,0,3,85,9,4,48,COURSE-READY,,Keep. Spot-check only during publication QA.
part-12-frontiers-capstones-and-course-design/module-60-teaching-with-this-book/section-60.3.html,60,3,Section 60.3: Two-semester sequence,1671,2,1,1,22,2,0,5,53,7,5,49,COURSE-READY,,Keep. Spot-check only during publication QA.
part-12-frontiers-capstones-and-course-design/module-60-teaching-with-this-book/section-60.4.html,60,4,Section 60.4: Research-seminar track,1644,2,1,1,22,2,0,5,49,5,3,45,COURSE-READY,,Keep. Spot-check only during publication QA.
part-12-frontiers-capstones-and-course-design/module-60-teaching-with-this-book/section-60.5.html,60,5,Section 60.5: Lab infrastructure and compute budgeting for instructors,1812,2,1,1,24,2,0,5,49,7,7,52,COURSE-READY,,Keep. Spot-check only during publication QA.
part-12-frontiers-capstones-and-course-design/module-60-teaching-with-this-book/section-60.6.html,60,6,"Section 60.6: Assessment, rubrics, and academic-integrity notes for code assignments",1808,2,1,1,26,2,0,4,74,7,5,49,COURSE-READY,,Keep. Spot-check only during publication QA.
part-2-mathematical-robotics-and-control-foundations/module-04-spatial-representation-and-coordinate-frames/section-4.1.html,4,1,Section 4.1: Why space is the substrate of embodiment,1674,2,1,1,32,1,0,12,92,23,6,52,COURSE-READY,,Keep. Spot-check only during publication QA.
part-2-mathematical-robotics-and-control-foundations/module-04-spatial-representation-and-coordinate-frames/section-4.2.html,4,2,"Section 4.2: Points, vectors, poses, frames",1548,2,1,1,27,1,0,11,89,23,6,51,COURSE-READY,,Keep. Spot-check only during publication QA.
part-2-mathematical-robotics-and-control-foundations/module-04-spatial-representation-and-coordinate-frames/section-4.3.html,4,3,"Section 4.3: Rotations: matrices, Euler angles, axis-angle, quaternions; pitfalls",1542,2,1,1,21,1,0,9,63,21,6,51,COURSE-READY,,Keep. Spot-check only during publication QA.
part-2-mathematical-robotics-and-control-foundations/module-04-spatial-representation-and-coordinate-frames/section-4.4.html,4,4,"Section 4.4: Rigid transforms, homogeneous coordinates, SE(3)",1831,2,1,1,59,1,0,35,93,24,6,53,COURSE-READY,,Keep. Spot-check only during publication QA.
part-2-mathematical-robotics-and-control-foundations/module-04-spatial-representation-and-coordinate-frames/section-4.5.html,4,5,Section 4.5: 2D and 3D transformations; transform trees (tf in ROS),1847,2,1,1,29,1,0,7,85,23,7,53,COURSE-READY,,Keep. Spot-check only during publication QA.
part-2-mathematical-robotics-and-control-foundations/module-04-spatial-representation-and-coordinate-frames/section-4.6.html,4,6,"Section 4.6: Camera, body, and world frames",1678,2,0,1,46,1,0,6,119,25,6,49,COURSE-READY,,Keep. Spot-check only during publication QA.
part-2-mathematical-robotics-and-control-foundations/module-04-spatial-representation-and-coordinate-frames/section-4.7.html,4,7,Section 4.7: Common frame mistakes and how to debug them,1737,2,0,1,28,1,0,9,103,22,5,50,COURSE-READY,,Keep. Spot-check only during publication QA.
part-2-mathematical-robotics-and-control-foundations/module-05-kinematics-and-robot-motion/section-5.1.html,5,1,"Section 5.1: Position, velocity, acceleration; twists",2187,3,2,2,42,1,2,25,103,31,3,49,COURSE-READY,,Keep. Spot-check only during publication QA.
part-2-mathematical-robotics-and-control-foundations/module-05-kinematics-and-robot-motion/section-5.2.html,5,2,Section 5.2: Holonomic vs. non-holonomic motion,2144,3,2,2,33,1,2,33,90,29,5,51,COURSE-READY,,Keep. Spot-check only during publication QA.
part-2-mathematical-robotics-and-control-foundations/module-05-kinematics-and-robot-motion/section-5.3.html,5,3,Section 5.3: Differential-drive and car-like robots,2159,3,2,2,41,1,2,22,90,29,3,49,COURSE-READY,,Keep. Spot-check only during publication QA.
part-2-mathematical-robotics-and-control-foundations/module-05-kinematics-and-robot-motion/section-5.4.html,5,4,"Section 5.4: Robot arms, joints, the kinematic chain",2212,3,2,2,17,1,2,22,102,28,3,49,COURSE-READY,,Keep. Spot-check only during publication QA.
part-2-mathematical-robotics-and-control-foundations/module-05-kinematics-and-robot-motion/section-5.5.html,5,5,Section 5.5: Forward kinematics,2076,3,2,2,31,1,2,70,100,33,5,51,COURSE-READY,,Keep. Spot-check only during publication QA.
part-2-mathematical-robotics-and-control-foundations/module-05-kinematics-and-robot-motion/section-5.6.html,5,6,"Section 5.6: Inverse kinematics: analytic, numerical (Jacobian), and learned",2286,3,1,2,31,1,2,119,97,31,3,48,COURSE-READY,,Keep. Spot-check only during publication QA.
part-2-mathematical-robotics-and-control-foundations/module-05-kinematics-and-robot-motion/section-5.7.html,5,7,"Section 5.7: Jacobians, singularities, manipulability",2107,3,1,2,33,1,2,71,95,29,3,48,COURSE-READY,,Keep. Spot-check only during publication QA.
part-2-mathematical-robotics-and-control-foundations/module-05-kinematics-and-robot-motion/section-5.8.html,5,8,Section 5.8: Motion constraints,2080,3,1,2,26,1,2,81,90,29,3,48,COURSE-READY,,Keep. Spot-check only during publication QA.
part-2-mathematical-robotics-and-control-foundations/module-06-dynamics-and-simulation-math/section-6.1.html,6,1,"Section 6.1: From kinematics to dynamics: forces, torques, inertia",2280,3,2,2,47,1,2,104,91,36,5,51,COURSE-READY,,Keep. Spot-check only during publication QA.
part-2-mathematical-robotics-and-control-foundations/module-06-dynamics-and-simulation-math/section-6.2.html,6,2,Section 6.2: Rigid-body dynamics; the manipulator equation,2215,3,2,2,44,1,2,103,89,37,46,54,COURSE-READY,,Keep. Spot-check only during publication QA.
part-2-mathematical-robotics-and-control-foundations/module-06-dynamics-and-simulation-math/section-6.3.html,6,3,"Section 6.3: Contact, friction, and why contact-rich sim is hard",2287,3,2,2,34,1,2,30,86,36,6,52,COURSE-READY,,Keep. Spot-check only during publication QA.
part-2-mathematical-robotics-and-control-foundations/module-06-dynamics-and-simulation-math/section-6.4.html,6,4,Section 6.4: Numerical integration and stability,2144,3,2,2,30,1,2,66,87,36,8,54,COURSE-READY,,Keep. Spot-check only during publication QA.
part-2-mathematical-robotics-and-control-foundations/module-06-dynamics-and-simulation-math/section-6.5.html,6,5,Section 6.5: Differentiable physics: what it buys you,2213,3,2,2,26,1,2,43,84,35,6,52,COURSE-READY,,Keep. Spot-check only during publication QA.
part-2-mathematical-robotics-and-control-foundations/module-06-dynamics-and-simulation-math/section-6.6.html,6,6,Section 6.6: Why GPU-parallel simulation changed robot learning,2150,3,1,2,22,1,2,24,88,37,6,51,COURSE-READY,,Keep. Spot-check only during publication QA.
part-2-mathematical-robotics-and-control-foundations/module-07-control-for-ai-practitioners/section-7.1.html,7,1,Section 7.1: Open-loop vs. closed-loop control,2114,3,2,2,31,1,2,25,103,43,12,54,COURSE-READY,,Keep. Spot-check only during publication QA.
part-2-mathematical-robotics-and-control-foundations/module-07-control-for-ai-practitioners/section-7.2.html,7,2,"Section 7.2: Feedback, error, stability, overshoot, oscillation",2181,3,2,3,27,1,2,62,98,50,14,54,COURSE-READY,,Keep. Spot-check only during publication QA.
part-2-mathematical-robotics-and-control-foundations/module-07-control-for-ai-practitioners/section-7.3.html,7,3,"Section 7.3: PID control, intuition and tuning",2274,4,2,2,41,1,2,28,98,45,58,54,COURSE-READY,,Keep. Spot-check only during publication QA.
part-2-mathematical-robotics-and-control-foundations/module-07-control-for-ai-practitioners/section-7.4.html,7,4,"Section 7.4: State-space control, LQR",2091,3,2,2,43,1,2,64,99,45,56,54,COURSE-READY,,Keep. Spot-check only during publication QA.
part-2-mathematical-robotics-and-control-foundations/module-07-control-for-ai-practitioners/section-7.5.html,7,5,Section 7.5: Model predictive control (MPC) as receding-horizon optimization,2202,3,2,2,27,1,2,69,96,45,57,54,COURSE-READY,,Keep. Spot-check only during publication QA.
part-2-mathematical-robotics-and-control-foundations/module-07-control-for-ai-practitioners/section-7.6.html,7,6,Section 7.6: Operational-space and whole-body control (preview for humanoids),2208,3,1,2,21,1,2,29,98,44,14,53,COURSE-READY,,Keep. Spot-check only during publication QA.
part-2-mathematical-robotics-and-control-foundations/module-07-control-for-ai-practitioners/section-7.7.html,7,7,Section 7.7: Controllers vs. policies; when learning helps and when it makes control unsafe,2373,3,1,2,33,1,2,33,99,45,14,53,COURSE-READY,,Keep. Spot-check only during publication QA.
part-2-mathematical-robotics-and-control-foundations/module-08-sensors-perception-hardware-and-state-estimation/section-8.1.html,8,1,Section 8.1: What sensors provide and what they cost,2195,3,2,2,29,1,2,21,112,28,22,54,COURSE-READY,,Keep. Spot-check only during publication QA.
part-2-mathematical-robotics-and-control-foundations/module-08-sensors-perception-hardware-and-state-estimation/section-8.2.html,8,2,"Section 8.2: Cameras, depth (stereo/structured light/ToF), LiDAR",2150,3,2,2,25,1,2,18,99,26,16,54,COURSE-READY,,Keep. Spot-check only during publication QA.
part-2-mathematical-robotics-and-control-foundations/module-08-sensors-perception-hardware-and-state-estimation/section-8.3.html,8,3,"Section 8.3: IMU, wheel odometry, joint encoders, proprioception",2097,3,2,2,33,1,2,20,99,26,15,54,COURSE-READY,,Keep. Spot-check only during publication QA.
part-2-mathematical-robotics-and-control-foundations/module-08-sensors-perception-hardware-and-state-estimation/section-8.4.html,8,4,"Section 8.4: Tactile and force/torque sensing (GelSight, DIGIT): preview",2195,3,2,2,19,1,2,18,103,26,16,54,COURSE-READY,,Keep. Spot-check only during publication QA.
part-2-mathematical-robotics-and-control-foundations/module-08-sensors-perception-hardware-and-state-estimation/section-8.5.html,8,5,Section 8.5: Sensor noise and uncertainty models,2063,3,2,2,37,1,2,60,100,26,16,54,COURSE-READY,,Keep. Spot-check only during publication QA.
part-2-mathematical-robotics-and-control-foundations/module-08-sensors-perception-hardware-and-state-estimation/section-8.6.html,8,6,"Section 8.6: Bayesian filtering: Kalman, EKF, particle filters",2110,3,1,2,27,1,2,151,93,29,14,53,COURSE-READY,,Keep. Spot-check only during publication QA.
part-2-mathematical-robotics-and-control-foundations/module-08-sensors-perception-hardware-and-state-estimation/section-8.7.html,8,7,Section 8.7: Sensor fusion intuition and practice,2044,3,1,2,25,1,2,27,102,30,18,53,COURSE-READY,,Keep. Spot-check only during publication QA.
part-2-mathematical-robotics-and-control-foundations/module-08-sensors-perception-hardware-and-state-estimation/section-8.8.html,8,8,Section 8.8: Perception as an imperfect window into the world,2160,3,1,2,21,1,2,23,96,29,17,53,COURSE-READY,,Keep. Spot-check only during publication QA.
part-3-simulation-tooling-and-the-modern-stack/module-09-why-simulation-is-central/section-9.1.html,9,1,"Section 9.1: Why real-world learning is slow, costly, and risky",2100,2,1,2,16,5,0,15,57,25,51,59,COURSE-READY,,Keep. Spot-check only during publication QA.
part-3-simulation-tooling-and-the-modern-stack/module-09-why-simulation-is-central/section-9.2.html,9,2,"Section 9.2: Simulation as data generator, testbed, and curriculum",2023,2,1,2,15,5,0,7,57,30,5,54,COURSE-READY,,Keep. Spot-check only during publication QA.
part-3-simulation-tooling-and-the-modern-stack/module-09-why-simulation-is-central/section-9.3.html,9,3,"Section 9.3: Fidelity: physical, visual, behavioral",1943,2,1,2,15,5,0,13,50,33,15,58,COURSE-READY,,Keep. Spot-check only during publication QA.
part-3-simulation-tooling-and-the-modern-stack/module-09-why-simulation-is-central/section-9.4.html,9,4,Section 9.4: The reality gap as a measurable quantity,1993,2,1,1,23,5,0,21,67,30,25,57,COURSE-READY,,Keep. Spot-check only during publication QA.
part-3-simulation-tooling-and-the-modern-stack/module-09-why-simulation-is-central/section-9.5.html,9,5,Section 9.5: The landscape of benchmark environments,2057,2,1,1,15,5,0,16,76,34,18,56,COURSE-READY,,Keep. Spot-check only during publication QA.
part-3-simulation-tooling-and-the-modern-stack/module-10-environments-with-gymnasium-and-pettingzoo/section-10.1.html,10,1,Section 10.1: Gym is dead; Gymnasium is the standard,2036,2,1,1,12,5,0,3,25,76,5,48,COURSE-READY,,Keep. Spot-check only during publication QA.
part-3-simulation-tooling-and-the-modern-stack/module-10-environments-with-gymnasium-and-pettingzoo/section-10.2.html,10,2,Section 10.2: Observation and action spaces,1923,2,1,1,13,5,0,9,19,43,6,54,COURSE-READY,,Keep. Spot-check only during publication QA.
part-3-simulation-tooling-and-the-modern-stack/module-10-environments-with-gymnasium-and-pettingzoo/section-10.3.html,10,3,Section 10.3: Reward design and termination,1878,2,1,1,12,5,0,10,36,30,8,56,COURSE-READY,,Keep. Spot-check only during publication QA.
part-3-simulation-tooling-and-the-modern-stack/module-10-environments-with-gymnasium-and-pettingzoo/section-10.4.html,10,4,Section 10.4: Vectorized environments; wrappers,1818,2,1,1,12,5,0,11,21,39,11,56,COURSE-READY,,Keep. Spot-check only during publication QA.
part-3-simulation-tooling-and-the-modern-stack/module-10-environments-with-gymnasium-and-pettingzoo/section-10.5.html,10,5,"Section 10.5: Rendering, logging, and debugging",1912,2,1,1,12,5,0,3,46,34,6,49,COURSE-READY,,Keep. Spot-check only during publication QA.
part-3-simulation-tooling-and-the-modern-stack/module-10-environments-with-gymnasium-and-pettingzoo/section-10.6.html,10,6,Section 10.6: Evaluation protocol and seeding,1861,2,0,1,12,5,0,2,45,57,7,48,COURSE-READY,,Keep. Spot-check only during publication QA.
part-3-simulation-tooling-and-the-modern-stack/module-10-environments-with-gymnasium-and-pettingzoo/section-10.7.html,10,7,Section 10.7: PettingZoo for multi-agent,2004,2,0,1,12,5,0,5,25,60,7,51,COURSE-READY,,Keep. Spot-check only during publication QA.
part-3-simulation-tooling-and-the-modern-stack/module-11-physics-simulators-mujoco-mjx-isaac-lab-genesis/section-11.1.html,11,1,Section 11.1: What Physics Simulators Model,1614,1,1,1,29,5,0,27,21,27,8,53,COURSE-READY,,Keep. Spot-check only during publication QA.
part-3-simulation-tooling-and-the-modern-stack/module-11-physics-simulators-mujoco-mjx-isaac-lab-genesis/section-11.2.html,11,2,Section 11.2: MuJoCo and the MJCF or URDF Model Formats,1678,2,1,1,15,5,0,10,17,62,11,55,COURSE-READY,,Keep. Spot-check only during publication QA.
part-3-simulation-tooling-and-the-modern-stack/module-11-physics-simulators-mujoco-mjx-isaac-lab-genesis/section-11.3.html,11,3,Section 11.3: MuJoCo MJX and MuJoCo Warp,1517,1,1,1,15,5,0,23,16,79,35,52,COURSE-READY,,Keep. Spot-check only during publication QA.
part-3-simulation-tooling-and-the-modern-stack/module-11-physics-simulators-mujoco-mjx-isaac-lab-genesis/section-11.4.html,11,4,Section 11.4: NVIDIA Isaac Sim and Isaac Lab,1461,1,1,1,15,5,0,10,20,76,16,52,COURSE-READY,,Keep. Spot-check only during publication QA.
part-3-simulation-tooling-and-the-modern-stack/module-11-physics-simulators-mujoco-mjx-isaac-lab-genesis/section-11.5.html,11,5,Section 11.5: The Newton Physics Engine and OpenUSD,1382,1,1,1,15,5,0,6,23,19,9,49,COURSE-READY,,Keep. Spot-check only during publication QA.
part-3-simulation-tooling-and-the-modern-stack/module-11-physics-simulators-mujoco-mjx-isaac-lab-genesis/section-11.6.html,11,6,Section 11.6: Genesis and Generative Multi-Physics,1371,1,0,1,15,5,0,8,23,35,5,47,COURSE-READY,,Keep. Spot-check only during publication QA.
part-3-simulation-tooling-and-the-modern-stack/module-11-physics-simulators-mujoco-mjx-isaac-lab-genesis/section-11.7.html,11,7,"Section 11.7: Drake, SAPIEN, ROS 2, and Gazebo",1382,1,0,1,15,5,0,17,12,73,18,48,COURSE-READY,,Keep. Spot-check only during publication QA.
part-3-simulation-tooling-and-the-modern-stack/module-11-physics-simulators-mujoco-mjx-isaac-lab-genesis/section-11.8.html,11,8,Section 11.8: Choosing a Simulator,2221,7,0,2,15,5,0,6,19,109,31,57,COURSE-READY,,Keep. Spot-check only during publication QA.
part-3-simulation-tooling-and-the-modern-stack/module-12-benchmarks-and-task-suites/section-12.1.html,12,1,Section 12.1: Why standardized benchmarks matter,2115,2,1,1,24,5,0,12,61,31,14,57,COURSE-READY,,Keep. Spot-check only during publication QA.
part-3-simulation-tooling-and-the-modern-stack/module-12-benchmarks-and-task-suites/section-12.2.html,12,2,"Section 12.2: Manipulation: ManiSkill3, robosuite, RoboCasa, robomimic, RLBench",2090,2,1,1,12,5,0,8,25,14,9,56,COURSE-READY,,Keep. Spot-check only during publication QA.
part-3-simulation-tooling-and-the-modern-stack/module-12-benchmarks-and-task-suites/section-12.3.html,12,3,"Section 12.3: Lifelong and language-conditioned: LIBERO, CALVIN, Meta-World",2015,2,1,1,18,5,0,5,31,11,2,48,COURSE-READY,,Keep. Spot-check only during publication QA.
part-3-simulation-tooling-and-the-modern-stack/module-12-benchmarks-and-task-suites/section-12.4.html,12,4,Section 12.4: Household and long-horizon: BEHAVIOR-1K / OmniGibson,1937,2,1,1,12,5,0,8,45,25,3,51,COURSE-READY,,Keep. Spot-check only during publication QA.
part-3-simulation-tooling-and-the-modern-stack/module-12-benchmarks-and-task-suites/section-12.5.html,12,5,"Section 12.5: Navigation and social: Habitat 3.0, AI2-THOR / ProcTHOR",1972,2,1,1,20,5,0,10,35,55,1,50,COURSE-READY,,Keep. Spot-check only during publication QA.
part-3-simulation-tooling-and-the-modern-stack/module-12-benchmarks-and-task-suites/section-12.6.html,12,6,Section 12.6: Reading a leaderboard without fooling yourself,1945,2,0,1,12,5,0,4,64,24,7,50,COURSE-READY,,Keep. Spot-check only during publication QA.
part-3-simulation-tooling-and-the-modern-stack/module-13-domain-randomization-and-synthetic-data/section-13.1.html,13,1,Section 13.1: Why synthetic variation matters,2091,2,1,1,18,5,0,12,56,27,9,57,COURSE-READY,,Keep. Spot-check only during publication QA.
part-3-simulation-tooling-and-the-modern-stack/module-13-domain-randomization-and-synthetic-data/section-13.2.html,13,2,"Section 13.2: Visual, physics, sensor, and task randomization",2025,2,1,1,12,5,0,12,42,32,5,53,COURSE-READY,,Keep. Spot-check only during publication QA.
part-3-simulation-tooling-and-the-modern-stack/module-13-domain-randomization-and-synthetic-data/section-13.3.html,13,3,Section 13.3: Curriculum and automatic randomization,1915,2,1,1,18,5,0,18,32,10,3,52,COURSE-READY,,Keep. Spot-check only during publication QA.
part-3-simulation-tooling-and-the-modern-stack/module-13-domain-randomization-and-synthetic-data/section-13.4.html,13,4,Section 13.4: Photoreal rendering and tiled cameras,1948,2,1,1,12,5,0,6,56,9,10,54,COURSE-READY,,Keep. Spot-check only during publication QA.
part-3-simulation-tooling-and-the-modern-stack/module-13-domain-randomization-and-synthetic-data/section-13.5.html,13,5,Section 13.5: real2sim2real and asset/scene reconstruction,1886,2,1,1,12,5,0,15,52,7,30,55,COURSE-READY,,Keep. Spot-check only during publication QA.
part-3-simulation-tooling-and-the-modern-stack/module-13-domain-randomization-and-synthetic-data/section-13.6.html,13,6,Section 13.6: Randomization vs. realism; measuring transfer readiness,1911,2,0,1,12,5,0,17,86,24,6,53,COURSE-READY,,Keep. Spot-check only during publication QA.
part-4-reinforcement-learning-for-embodied-agents/module-14-reinforcement-learning-refresher/section-14.1.html,14,1,Section 14.1: Learning from interaction; return and discounting,1962,1,1,1,96,5,0,39,24,13,16,55,COURSE-READY,,Keep. Spot-check only during publication QA.
part-4-reinforcement-learning-for-embodied-agents/module-14-reinforcement-learning-refresher/section-14.2.html,14,2,Section 14.2: Policies and value functions,1810,1,1,1,73,5,0,89,31,13,10,55,COURSE-READY,,Keep. Spot-check only during publication QA.
part-4-reinforcement-learning-for-embodied-agents/module-14-reinforcement-learning-refresher/section-14.3.html,14,3,Section 14.3: Exploration vs. exploitation,1672,1,1,1,44,5,0,31,30,12,17,54,COURSE-READY,,Keep. Spot-check only during publication QA.
part-4-reinforcement-learning-for-embodied-agents/module-14-reinforcement-learning-refresher/section-14.4.html,14,4,Section 14.4: Model-free vs. model-based; on- vs. off-policy,1852,1,1,1,29,5,0,94,24,15,13,55,COURSE-READY,,Keep. Spot-check only during publication QA.
part-4-reinforcement-learning-for-embodied-agents/module-14-reinforcement-learning-refresher/section-14.5.html,14,5,"Section 14.5: Why RL is hard in embodied systems (sample cost, reward, safety)",1826,1,1,1,29,5,0,46,31,33,15,55,COURSE-READY,,Keep. Spot-check only during publication QA.
part-4-reinforcement-learning-for-embodied-agents/module-15-policy-gradient-methods-and-ppo/section-15.1.html,15,1,Section 15.1: Direct policy optimization; stochastic policies,2061,2,1,1,35,6,0,109,31,51,31,57,COURSE-READY,,Keep. Spot-check only during publication QA.
part-4-reinforcement-learning-for-embodied-agents/module-15-policy-gradient-methods-and-ppo/section-15.2.html,15,2,Section 15.2: The policy gradient theorem; REINFORCE,1904,2,1,1,52,6,0,95,53,24,11,57,COURSE-READY,,Keep. Spot-check only during publication QA.
part-4-reinforcement-learning-for-embodied-agents/module-15-policy-gradient-methods-and-ppo/section-15.3.html,15,3,Section 15.3: Actor-critic and advantage estimation (GAE),1866,2,1,1,47,6,0,45,31,17,24,57,COURSE-READY,,Keep. Spot-check only during publication QA.
part-4-reinforcement-learning-for-embodied-agents/module-15-policy-gradient-methods-and-ppo/section-15.4.html,15,4,Section 15.4: Trust regions; TRPO to PPO,2055,2,1,1,38,6,0,73,24,20,106,57,COURSE-READY,,Keep. Spot-check only during publication QA.
part-4-reinforcement-learning-for-embodied-agents/module-15-policy-gradient-methods-and-ppo/section-15.5.html,15,5,Section 15.5: PPO in practice: the implementation details that matter,2017,2,1,1,27,6,0,54,36,5,68,54,COURSE-READY,,Keep. Spot-check only during publication QA.
part-4-reinforcement-learning-for-embodied-agents/module-15-policy-gradient-methods-and-ppo/section-15.6.html,15,6,Section 15.6: Reward shaping and its hazards,1999,2,0,1,20,6,0,44,33,13,35,56,COURSE-READY,,Keep. Spot-check only during publication QA.
part-4-reinforcement-learning-for-embodied-agents/module-16-value-based-and-off-policy-methods/section-16.1.html,16,1,Section 16.1: Q-learning; deep Q-networks,2087,2,1,1,41,6,2,31,36,18,12,51,COURSE-READY,,Keep. Spot-check only during publication QA.
part-4-reinforcement-learning-for-embodied-agents/module-16-value-based-and-off-policy-methods/section-16.2.html,16,2,Section 16.2: Replay buffers and target networks,2065,2,1,1,20,6,2,29,30,32,13,51,COURSE-READY,,Keep. Spot-check only during publication QA.
part-4-reinforcement-learning-for-embodied-agents/module-16-value-based-and-off-policy-methods/section-16.3.html,16,3,"Section 16.3: Continuous control: DDPG, TD3, SAC",2024,2,1,1,28,6,2,33,41,13,116,51,COURSE-READY,,Keep. Spot-check only during publication QA.
part-4-reinforcement-learning-for-embodied-agents/module-16-value-based-and-off-policy-methods/section-16.4.html,16,4,Section 16.4: Maximum-entropy RL,1850,2,1,1,44,6,2,36,32,13,35,51,COURSE-READY,,Keep. Spot-check only during publication QA.
part-4-reinforcement-learning-for-embodied-agents/module-16-value-based-and-off-policy-methods/section-16.5.html,16,5,Section 16.5: Sample efficiency and off-policy failure modes,2036,2,1,1,20,6,2,92,50,51,33,51,COURSE-READY,,Keep. Spot-check only during publication QA.
part-4-reinforcement-learning-for-embodied-agents/module-17-massively-parallel-and-gpu-rl/section-17.1.html,17,1,Section 17.1: Why thousands of parallel envs changed the field,1994,2,1,1,38,6,0,15,14,48,28,56,COURSE-READY,,Keep. Spot-check only during publication QA.
part-4-reinforcement-learning-for-embodied-agents/module-17-massively-parallel-and-gpu-rl/section-17.2.html,17,2,Section 17.2: Learning to walk in minutes: the parallel-RL recipe,1943,2,1,1,32,6,0,27,20,37,38,57,COURSE-READY,,Keep. Spot-check only during publication QA.
part-4-reinforcement-learning-for-embodied-agents/module-17-massively-parallel-and-gpu-rl/section-17.3.html,17,3,Section 17.3: Isaac Lab with SKRL / rl_games / RSL-RL,1905,2,1,1,12,6,0,5,20,58,32,53,COURSE-READY,,Keep. Spot-check only during publication QA.
part-4-reinforcement-learning-for-embodied-agents/module-17-massively-parallel-and-gpu-rl/section-17.4.html,17,4,Section 17.4: MJX/Brax-training and JAX RL,1820,2,1,1,12,6,0,9,13,54,57,54,COURSE-READY,,Keep. Spot-check only during publication QA.
part-4-reinforcement-learning-for-embodied-agents/module-17-massively-parallel-and-gpu-rl/section-17.5.html,17,5,Section 17.5: Teacher-student and privileged-information distillation,1827,2,1,1,25,6,0,25,20,17,16,57,COURSE-READY,,Keep. Spot-check only during publication QA.
part-4-reinforcement-learning-for-embodied-agents/module-17-massively-parallel-and-gpu-rl/section-17.6.html,17,6,"Section 17.6: Throughput, wall-clock, and cost engineering",1802,2,0,1,22,6,0,10,24,28,18,56,COURSE-READY,,Keep. Spot-check only during publication QA.
part-4-reinforcement-learning-for-embodied-agents/module-18-reward-design-and-goal-specification/section-18.1.html,18,1,Section 18.1: Why rewards are dangerous,2040,2,1,1,23,6,0,22,45,22,10,57,COURSE-READY,,Keep. Spot-check only during publication QA.
part-4-reinforcement-learning-for-embodied-agents/module-18-reward-design-and-goal-specification/section-18.2.html,18,2,Section 18.2: Sparse vs. dense; shaping done right,1953,2,1,1,31,6,0,14,38,17,9,57,COURSE-READY,,Keep. Spot-check only during publication QA.
part-4-reinforcement-learning-for-embodied-agents/module-18-reward-design-and-goal-specification/section-18.3.html,18,3,Section 18.3: Goal-conditioned policies; hindsight experience replay,1861,2,1,1,30,6,0,7,30,20,10,56,COURSE-READY,,Keep. Spot-check only during publication QA.
part-4-reinforcement-learning-for-embodied-agents/module-18-reward-design-and-goal-specification/section-18.4.html,18,4,"Section 18.4: Reward hacking, with case studies",1820,2,1,1,12,6,0,13,37,17,7,55,COURSE-READY,,Keep. Spot-check only during publication QA.
part-4-reinforcement-learning-for-embodied-agents/module-18-reward-design-and-goal-specification/section-18.5.html,18,5,Section 18.5: Human preferences and learned reward models (RLHF for control),1873,2,1,1,25,6,0,38,37,10,29,57,COURSE-READY,,Keep. Spot-check only during publication QA.
part-4-reinforcement-learning-for-embodied-agents/module-18-reward-design-and-goal-specification/section-18.6.html,18,6,Section 18.6: Safety-aware and constrained rewards,1672,2,0,1,28,6,0,49,21,10,23,55,COURSE-READY,,Keep. Spot-check only during publication QA.
part-4-reinforcement-learning-for-embodied-agents/module-19-exploration-in-embodied-worlds/section-19.1.html,19,1,Section 19.1: Why embodied exploration is expensive and risky,2053,2,1,1,30,6,0,14,67,26,28,57,COURSE-READY,,Keep. Spot-check only during publication QA.
part-4-reinforcement-learning-for-embodied-agents/module-19-exploration-in-embodied-worlds/section-19.2.html,19,2,"Section 19.2: Intrinsic motivation, curiosity, count-based and novelty methods",2055,2,1,1,38,6,0,7,57,25,5,53,COURSE-READY,,Keep. Spot-check only during publication QA.
part-4-reinforcement-learning-for-embodied-agents/module-19-exploration-in-embodied-worlds/section-19.3.html,19,3,Section 19.3: Safe exploration,1953,2,1,1,28,6,0,40,65,29,24,57,COURSE-READY,,Keep. Spot-check only during publication QA.
part-4-reinforcement-learning-for-embodied-agents/module-19-exploration-in-embodied-worlds/section-19.4.html,19,4,Section 19.4: Exploration under partial observability,2031,2,1,1,24,6,0,36,71,32,5,54,COURSE-READY,,Keep. Spot-check only during publication QA.
part-4-reinforcement-learning-for-embodied-agents/module-20-sim-to-real-transfer-rl-focus/section-20.1.html,20,1,Section 20.1: The reality gap revisited,2077,2,1,1,24,6,0,31,67,41,25,57,COURSE-READY,,Keep. Spot-check only during publication QA.
part-4-reinforcement-learning-for-embodied-agents/module-20-sim-to-real-transfer-rl-focus/section-20.2.html,20,2,Section 20.2: What transfers and what does not,1897,2,1,1,20,6,0,30,39,20,36,57,COURSE-READY,,Keep. Spot-check only during publication QA.
part-4-reinforcement-learning-for-embodied-agents/module-20-sim-to-real-transfer-rl-focus/section-20.3.html,20,3,"Section 20.3: Domain randomization, system identification, adaptation (RMA)",1971,2,1,1,26,6,0,51,14,33,23,56,COURSE-READY,,Keep. Spot-check only during publication QA.
part-4-reinforcement-learning-for-embodied-agents/module-20-sim-to-real-transfer-rl-focus/section-20.4.html,20,4,Section 20.4: Fine-tuning on hardware; safe real-world RL,1887,2,1,1,18,6,0,31,23,22,54,57,COURSE-READY,,Keep. Spot-check only during publication QA.
part-4-reinforcement-learning-for-embodied-agents/module-20-sim-to-real-transfer-rl-focus/section-20.5.html,20,5,Section 20.5: Measuring transfer performance,1930,2,1,1,20,6,0,27,81,49,27,57,COURSE-READY,,Keep. Spot-check only during publication QA.
part-5-learning-from-demonstration-and-robot-data/module-21-imitation-learning/section-21.1.html,21,1,Section 21.1: Why learning from demonstration matters for robots,2791,3,1,2,28,5,0,16,99,24,6,59,COURSE-READY,,Keep. Spot-check only during publication QA.
part-5-learning-from-demonstration-and-robot-data/module-21-imitation-learning/section-21.2.html,21,2,Section 21.2: Behavior cloning; the distribution-shift problem,3449,9,1,2,34,5,0,29,132,34,11,61,COURSE-READY,,Keep. Spot-check only during publication QA.
part-5-learning-from-demonstration-and-robot-data/module-21-imitation-learning/section-21.3.html,21,3,Section 21.3: DAgger and dataset aggregation,2619,3,1,2,24,5,0,23,93,25,56,61,COURSE-READY,,Keep. Spot-check only during publication QA.
part-5-learning-from-demonstration-and-robot-data/module-21-imitation-learning/section-21.4.html,21,4,Section 21.4: Inverse reinforcement learning,2533,3,1,2,20,5,0,14,96,26,49,61,COURSE-READY,,Keep. Spot-check only during publication QA.
part-5-learning-from-demonstration-and-robot-data/module-21-imitation-learning/section-21.5.html,21,5,"Section 21.5: Sources of demonstrations: humans, planners, foundation models",2720,3,1,3,14,5,0,14,94,23,19,60,COURSE-READY,,Keep. Spot-check only during publication QA.
part-5-learning-from-demonstration-and-robot-data/module-22-action-chunking-and-diffusion-policies/section-22.1.html,22,1,Section 22.1: Why single-step prediction fails on real manipulation,2642,3,1,2,20,5,0,22,88,22,11,61,COURSE-READY,,Keep. Spot-check only during publication QA.
part-5-learning-from-demonstration-and-robot-data/module-22-action-chunking-and-diffusion-policies/section-22.2.html,22,2,Section 22.2: ACT (Action Chunking Transformer) and the cVAE formulation,3483,9,1,2,26,5,0,24,123,36,17,61,COURSE-READY,,Keep. Spot-check only during publication QA.
part-5-learning-from-demonstration-and-robot-data/module-22-action-chunking-and-diffusion-policies/section-22.3.html,22,3,"Section 22.3: ALOHA, ALOHA 2, and Mobile ALOHA",2567,3,1,2,14,5,0,21,95,23,17,60,COURSE-READY,,Keep. Spot-check only during publication QA.
part-5-learning-from-demonstration-and-robot-data/module-22-action-chunking-and-diffusion-policies/section-22.4.html,22,4,Section 22.4: Diffusion Policy: action generation by denoising,2638,3,1,2,31,5,0,65,87,25,53,61,COURSE-READY,,Keep. Spot-check only during publication QA.
part-5-learning-from-demonstration-and-robot-data/module-22-action-chunking-and-diffusion-policies/section-22.5.html,22,5,Section 22.5: Flow matching for actions,2539,3,1,2,26,5,0,20,94,28,12,61,COURSE-READY,,Keep. Spot-check only during publication QA.
part-5-learning-from-demonstration-and-robot-data/module-22-action-chunking-and-diffusion-policies/section-22.6.html,22,6,Section 22.6: VQ-BeT and discretized behavior modeling,2505,3,0,2,22,5,0,18,87,22,12,60,COURSE-READY,,Keep. Spot-check only during publication QA.
part-5-learning-from-demonstration-and-robot-data/module-22-action-chunking-and-diffusion-policies/section-22.7.html,22,7,Section 22.7: Choosing an action representation: a decision guide,2687,3,0,3,14,5,0,22,100,26,12,59,COURSE-READY,,Keep. Spot-check only during publication QA.
part-5-learning-from-demonstration-and-robot-data/module-23-teleoperation-and-data-collection/section-23.1.html,23,1,Section 23.1: Why data is the bottleneck,1250,1,1,1,40,5,0,10,22,4,6,45,COURSE-READY,,Keep. Spot-check only during publication QA.
part-5-learning-from-demonstration-and-robot-data/module-23-teleoperation-and-data-collection/section-23.2.html,23,2,"Section 23.2: Leader-follower teleoperation (ALOHA, GELLO)",1069,1,1,1,28,5,0,5,31,4,16,43,COURSE-READY,,Keep. Spot-check only during publication QA.
part-5-learning-from-demonstration-and-robot-data/module-23-teleoperation-and-data-collection/section-23.3.html,23,3,Section 23.3: Handheld and in-the-wild collection (UMI),1235,5,1,0,20,5,0,11,34,7,16,52,COURSE-READY,,Keep. Spot-check only during publication QA.
part-5-learning-from-demonstration-and-robot-data/module-23-teleoperation-and-data-collection/section-23.4.html,23,4,Section 23.4: Immersive/VR teleoperation (Open-TeleVision),1189,1,1,1,20,5,0,8,27,4,11,47,COURSE-READY,,Keep. Spot-check only during publication QA.
part-5-learning-from-demonstration-and-robot-data/module-23-teleoperation-and-data-collection/section-23.5.html,23,5,"Section 23.5: Data quality, diversity, and labeling",1080,1,1,1,26,5,0,5,32,4,7,43,COURSE-READY,,Keep. Spot-check only during publication QA.
part-5-learning-from-demonstration-and-robot-data/module-23-teleoperation-and-data-collection/section-23.6.html,23,6,Section 23.6: The LeRobotDataset format and pipeline,1103,1,0,1,12,5,0,6,26,9,4,43,COURSE-READY,,Keep. Spot-check only during publication QA.
part-5-learning-from-demonstration-and-robot-data/module-24-robot-datasets-and-data-scaling-laws/section-24.1.html,24,1,"Section 24.1: The major datasets: Open X-Embodiment, DROID, BridgeData V2, RH20T, RoboMIND, AgiBot World",1240,1,1,1,12,5,0,4,8,4,6,36,COURSE-READY,,Keep. Spot-check only during publication QA.
part-5-learning-from-demonstration-and-robot-data/module-24-robot-datasets-and-data-scaling-laws/section-24.2.html,24,2,"Section 24.2: Dataset structure, embodiment metadata, and licensing",1142,5,1,1,26,5,0,16,12,7,9,52,COURSE-READY,,Keep. Spot-check only during publication QA.
part-5-learning-from-demonstration-and-robot-data/module-24-robot-datasets-and-data-scaling-laws/section-24.3.html,24,3,Section 24.3: Cross-embodiment pooling,1178,1,1,1,24,5,0,2,8,5,9,38,COURSE-READY,,Keep. Spot-check only during publication QA.
part-5-learning-from-demonstration-and-robot-data/module-24-robot-datasets-and-data-scaling-laws/section-24.4.html,24,4,Section 24.4: Empirical data scaling laws in imitation learning,1091,1,1,1,27,5,0,5,19,8,5,45,COURSE-READY,,Keep. Spot-check only during publication QA.
part-5-learning-from-demonstration-and-robot-data/module-24-robot-datasets-and-data-scaling-laws/section-24.5.html,24,5,Section 24.5: Curating and mixing data,1264,1,1,1,38,5,0,11,9,20,5,45,COURSE-READY,,Keep. Spot-check only during publication QA.
part-5-learning-from-demonstration-and-robot-data/module-25-offline-rl-and-dataset-based-robot-learning/section-25.1.html,25,1,Section 25.1: Learning without online interaction,1432,1,1,0,30,5,0,26,21,9,40,50,COURSE-READY,,Keep. Spot-check only during publication QA.
part-5-learning-from-demonstration-and-robot-data/module-25-offline-rl-and-dataset-based-robot-learning/section-25.2.html,25,2,Section 25.2: Distribution shift and extrapolation error,1416,1,1,0,29,5,0,30,22,9,37,50,COURSE-READY,,Keep. Spot-check only during publication QA.
part-5-learning-from-demonstration-and-robot-data/module-25-offline-rl-and-dataset-based-robot-learning/section-25.3.html,25,3,"Section 25.3: Conservative methods (CQL, IQL) and their intuition",1452,1,1,0,32,5,0,27,20,10,30,51,COURSE-READY,,Keep. Spot-check only during publication QA.
part-5-learning-from-demonstration-and-robot-data/module-25-offline-rl-and-dataset-based-robot-learning/section-25.4.html,25,4,Section 25.4: Offline-to-online fine-tuning,1382,1,1,0,30,5,0,28,29,9,39,50,COURSE-READY,,Keep. Spot-check only during publication QA.
part-5-learning-from-demonstration-and-robot-data/module-25-offline-rl-and-dataset-based-robot-learning/section-25.5.html,25,5,Section 25.5: Evaluating offline policies rigorously,1409,1,1,0,28,5,0,28,26,12,29,50,COURSE-READY,,Keep. Spot-check only during publication QA.
part-5-learning-from-demonstration-and-robot-data/module-26-skills-hierarchy-and-task-decomposition/section-26.1.html,26,1,Section 26.1: What a skill is; low- vs. high-level actions,1435,1,1,1,27,5,0,12,23,8,5,49,COURSE-READY,,Keep. Spot-check only during publication QA.
part-5-learning-from-demonstration-and-robot-data/module-26-skills-hierarchy-and-task-decomposition/section-26.2.html,26,2,Section 26.2: The options framework,1369,1,1,1,28,5,0,15,29,8,6,50,COURSE-READY,,Keep. Spot-check only during publication QA.
part-5-learning-from-demonstration-and-robot-data/module-26-skills-hierarchy-and-task-decomposition/section-26.3.html,26,3,Section 26.3: Skill discovery and hierarchical RL,1366,1,1,1,28,5,0,14,23,8,6,50,COURSE-READY,,Keep. Spot-check only during publication QA.
part-5-learning-from-demonstration-and-robot-data/module-26-skills-hierarchy-and-task-decomposition/section-26.4.html,26,4,Section 26.4: Language as a high-level controller,1407,1,1,1,28,5,0,13,22,8,5,49,COURSE-READY,,Keep. Spot-check only during publication QA.
part-5-learning-from-demonstration-and-robot-data/module-26-skills-hierarchy-and-task-decomposition/section-26.5.html,26,5,Section 26.5: Skill libraries for embodied agents,1393,1,1,1,34,5,0,12,22,8,17,52,COURSE-READY,,Keep. Spot-check only during publication QA.
part-6-embodied-perception/module-27-visual-perception-for-action/section-27.1.html,27,1,Section 27.1: Seeing to classify vs. seeing to act,1239,1,2,1,30,2,0,13,39,14,7,51,COURSE-READY,,Keep. Spot-check only during publication QA.
part-6-embodied-perception/module-27-visual-perception-for-action/section-27.2.html,27,2,"Section 27.2: Detection, segmentation, and the Segment Anything family",1218,1,2,1,23,2,0,8,30,22,4,48,COURSE-READY,,Keep. Spot-check only during publication QA.
part-6-embodied-perception/module-27-visual-perception-for-action/section-27.3.html,27,3,Section 27.3: Depth estimation and metric scale,1192,1,2,1,30,2,0,13,43,11,10,52,COURSE-READY,,Keep. Spot-check only during publication QA.
part-6-embodied-perception/module-27-visual-perception-for-action/section-27.4.html,27,4,Section 27.4: Optical flow and motion cues,1131,1,2,1,17,2,0,8,30,15,5,49,COURSE-READY,,Keep. Spot-check only during publication QA.
part-6-embodied-perception/module-27-visual-perception-for-action/section-27.5.html,27,5,Section 27.5: Affordances and graspable regions,1172,1,2,1,24,2,0,14,24,9,5,49,COURSE-READY,,Keep. Spot-check only during publication QA.
part-6-embodied-perception/module-27-visual-perception-for-action/section-27.6.html,27,6,Section 27.6: Active and embodied perception,1124,1,1,1,19,2,0,11,23,12,7,50,COURSE-READY,,Keep. Spot-check only during publication QA.
part-6-embodied-perception/module-27-visual-perception-for-action/section-27.7.html,27,7,Section 27.7: When perception failures become action failures,1177,1,1,1,23,2,0,20,67,13,8,51,COURSE-READY,,Keep. Spot-check only during publication QA.
part-6-embodied-perception/module-28-3d-perception-and-neural-scene-representations/section-28.1.html,28,1,Section 28.1: Why 3D matters for manipulation and navigation,1193,1,2,1,26,2,0,6,25,11,15,50,COURSE-READY,,Keep. Spot-check only during publication QA.
part-6-embodied-perception/module-28-3d-perception-and-neural-scene-representations/section-28.2.html,28,2,Section 28.2: Point clouds and depth maps,1187,1,2,1,22,2,0,4,29,21,5,45,COURSE-READY,,Keep. Spot-check only during publication QA.
part-6-embodied-perception/module-28-3d-perception-and-neural-scene-representations/section-28.3.html,28,3,Section 28.3: 3D detection and scene reconstruction,1133,1,2,1,23,2,0,13,22,11,5,49,COURSE-READY,,Keep. Spot-check only during publication QA.
part-6-embodied-perception/module-28-3d-perception-and-neural-scene-representations/section-28.4.html,28,4,Section 28.4: Occupancy grids and voxel maps,1116,1,2,1,19,2,0,7,19,14,12,51,COURSE-READY,,Keep. Spot-check only during publication QA.
part-6-embodied-perception/module-28-3d-perception-and-neural-scene-representations/section-28.5.html,28,5,Section 28.5: NeRF: implicit radiance fields,1163,1,2,1,23,2,0,8,21,11,24,52,COURSE-READY,,Keep. Spot-check only during publication QA.
part-6-embodied-perception/module-28-3d-perception-and-neural-scene-representations/section-28.6.html,28,6,"Section 28.6: 3D Gaussian Splatting: explicit, editable, real-time",1166,1,1,1,24,3,0,7,21,8,21,50,COURSE-READY,,Keep. Spot-check only during publication QA.
part-6-embodied-perception/module-28-3d-perception-and-neural-scene-representations/section-28.7.html,28,7,"Section 28.7: Scene representations for robotics: SLAM, real2sim, manipulation",1189,1,1,1,23,3,0,6,20,27,12,49,COURSE-READY,,Keep. Spot-check only during publication QA.
part-6-embodied-perception/module-29-localization-and-mapping-slam/section-29.1.html,29,1,Section 29.1: Where am I and what does the world look like,1158,1,1,0,27,3,0,13,22,19,6,47,COURSE-READY,,Keep. Spot-check only during publication QA.
part-6-embodied-perception/module-29-localization-and-mapping-slam/section-29.2.html,29,2,Section 29.2: Odometry and dead reckoning,1087,1,1,0,19,3,0,14,30,12,9,49,COURSE-READY,,Keep. Spot-check only during publication QA.
part-6-embodied-perception/module-29-localization-and-mapping-slam/section-29.3.html,29,3,Section 29.3: Localization (Monte Carlo / particle filters),1029,1,1,0,17,3,0,19,21,19,9,48,COURSE-READY,,Keep. Spot-check only during publication QA.
part-6-embodied-perception/module-29-localization-and-mapping-slam/section-29.4.html,29,4,Section 29.4: Mapping and occupancy grids,1074,1,1,0,19,3,0,12,22,16,12,48,COURSE-READY,,Keep. Spot-check only during publication QA.
part-6-embodied-perception/module-29-localization-and-mapping-slam/section-29.5.html,29,5,Section 29.5: SLAM: graph-based and visual SLAM,1072,1,1,0,17,3,0,18,23,26,12,48,COURSE-READY,,Keep. Spot-check only during publication QA.
part-6-embodied-perception/module-29-localization-and-mapping-slam/section-29.6.html,29,6,Section 29.6: Neural and Gaussian-splat SLAM,1046,1,0,0,17,3,0,14,26,24,6,45,COURSE-READY,,Keep. Spot-check only during publication QA.
part-6-embodied-perception/module-29-localization-and-mapping-slam/section-29.7.html,29,7,Section 29.7: Map uncertainty,1066,1,0,0,20,3,0,25,19,16,7,46,COURSE-READY,,Keep. Spot-check only during publication QA.
part-6-embodied-perception/module-29-localization-and-mapping-slam/section-29.8.html,29,8,Section 29.8: Modern SLAM Systems And Failure Modes,1058,1,1,0,17,3,0,18,36,24,13,48,COURSE-READY,,Keep. Spot-check only during publication QA.
part-6-embodied-perception/module-30-navigation-and-path-planning/section-30.1.html,30,1,Section 30.1: Navigation as embodied intelligence,1020,1,1,0,18,3,0,10,16,14,10,48,COURSE-READY,,Keep. Spot-check only during publication QA.
part-6-embodied-perception/module-30-navigation-and-path-planning/section-30.2.html,30,2,"Section 30.2: Graph search: BFS, Dijkstra, A*",1045,1,1,0,19,3,0,8,14,16,27,47,COURSE-READY,,Keep. Spot-check only during publication QA.
part-6-embodied-perception/module-30-navigation-and-path-planning/section-30.3.html,30,3,"Section 30.3: Sampling-based planning: RRT, RRT*, PRM",1029,1,1,0,23,3,0,9,11,30,40,45,COURSE-READY,,Keep. Spot-check only during publication QA.
part-6-embodied-perception/module-30-navigation-and-path-planning/section-30.4.html,30,4,"Section 30.4: Local planning and obstacle avoidance (DWA, potential fields)",1026,1,1,0,22,3,0,8,11,15,16,45,COURSE-READY,,Keep. Spot-check only during publication QA.
part-6-embodied-perception/module-30-navigation-and-path-planning/section-30.5.html,30,5,Section 30.5: Learned navigation policies,1004,1,1,0,18,3,0,15,23,16,10,48,COURSE-READY,,Keep. Spot-check only during publication QA.
part-6-embodied-perception/module-30-navigation-and-path-planning/section-30.6.html,30,6,Section 30.6: Language- and image-goal navigation,1026,1,0,0,17,3,0,11,13,14,6,43,COURSE-READY,,Keep. Spot-check only during publication QA.
part-6-embodied-perception/module-30-navigation-and-path-planning/section-30.7.html,30,7,Section 30.7: Field Navigation Under Degraded Sensing,1014,1,1,0,19,3,0,11,21,12,13,48,COURSE-READY,,Keep. Spot-check only during publication QA.
part-7-language-vision-and-action/module-31-language-guided-embodied-agents/section-31.1.html,31,1,Section 31.1: Why language matters in embodied AI,2307,2,2,1,26,4,0,28,28,7,5,54,COURSE-READY,,Keep. Spot-check only during publication QA.
part-7-language-vision-and-action/module-31-language-guided-embodied-agents/section-31.2.html,31,2,"Section 31.2: Instructions, goals, constraints",1937,2,2,1,25,3,0,50,17,10,5,55,COURSE-READY,,Keep. Spot-check only during publication QA.
part-7-language-vision-and-action/module-31-language-guided-embodied-agents/section-31.3.html,31,3,Section 31.3: Grounding language in perception; referring expressions,1917,2,2,1,20,3,0,11,30,12,3,53,COURSE-READY,,Keep. Spot-check only during publication QA.
part-7-language-vision-and-action/module-31-language-guided-embodied-agents/section-31.4.html,31,4,Section 31.4: Object- and region-centric grounding,1915,2,2,1,25,3,0,4,34,17,15,54,COURSE-READY,,Keep. Spot-check only during publication QA.
part-7-language-vision-and-action/module-31-language-guided-embodied-agents/section-31.5.html,31,5,Section 31.5: Task planning from language; ambiguity and clarification,1725,2,2,1,30,3,0,8,19,10,4,53,COURSE-READY,,Keep. Spot-check only during publication QA.
part-7-language-vision-and-action/module-31-language-guided-embodied-agents/section-31.6.html,31,6,Section 31.6: Human-agent interaction,1610,2,1,1,20,3,0,10,24,7,15,54,COURSE-READY,,Keep. Spot-check only during publication QA.
part-7-language-vision-and-action/module-32-vision-language-models-for-embodiment/section-32.1.html,32,1,Section 32.1: From image-text models to embodied perception,2224,2,2,1,38,4,0,8,34,13,25,58,COURSE-READY,,Keep. Spot-check only during publication QA.
part-7-language-vision-and-action/module-32-vision-language-models-for-embodiment/section-32.2.html,32,2,"Section 32.2: CLIP, SigLIP, DINOv2 representations",1907,2,2,1,19,4,0,11,28,43,37,58,COURSE-READY,,Keep. Spot-check only during publication QA.
part-7-language-vision-and-action/module-32-vision-language-models-for-embodiment/section-32.3.html,32,3,Section 32.3: Vision-language encoders and open-vocabulary detection,2304,2,2,1,57,4,0,12,36,21,6,56,COURSE-READY,,Keep. Spot-check only during publication QA.
part-7-language-vision-and-action/module-32-vision-language-models-for-embodiment/section-32.4.html,32,4,Section 32.4: Visual question answering and scene description in environments,1800,2,2,1,33,4,0,9,29,3,6,51,COURSE-READY,,Keep. Spot-check only during publication QA.
part-7-language-vision-and-action/module-32-vision-language-models-for-embodiment/section-32.5.html,32,5,Section 32.5: Multimodal memory,1779,2,2,1,26,4,0,18,33,5,7,53,COURSE-READY,,Keep. Spot-check only during publication QA.
part-7-language-vision-and-action/module-32-vision-language-models-for-embodiment/section-32.6.html,32,6,Section 32.6: Limits of static VLMs in dynamic worlds,1916,2,1,1,14,4,2,5,68,23,5,44,COURSE-READY,,Keep. Spot-check only during publication QA.
part-7-language-vision-and-action/module-33-llms-as-planners-and-controllers/section-33.1.html,33,1,Section 33.1: What LLMs can and cannot do in embodied tasks,1911,2,2,1,26,3,0,3,39,9,3,48,COURSE-READY,,Keep. Spot-check only during publication QA.
part-7-language-vision-and-action/module-33-llms-as-planners-and-controllers/section-33.2.html,33,2,Section 33.2: SayCan: affordance-grounded planning,1767,2,2,1,18,3,0,2,26,10,32,51,COURSE-READY,,Keep. Spot-check only during publication QA.
part-7-language-vision-and-action/module-33-llms-as-planners-and-controllers/section-33.3.html,33,3,Section 33.3: Code as Policies: LLMs that write robot code,1808,2,2,1,22,3,0,1,19,10,4,47,COURSE-READY,,Keep. Spot-check only during publication QA.
part-7-language-vision-and-action/module-33-llms-as-planners-and-controllers/section-33.4.html,33,4,Section 33.4: VoxPoser: composing 3D value maps,1733,2,2,1,24,3,0,31,30,9,8,57,COURSE-READY,,Keep. Spot-check only during publication QA.
part-7-language-vision-and-action/module-33-llms-as-planners-and-controllers/section-33.5.html,33,5,Section 33.5: ReKep: relational keypoint constraints,1693,2,2,1,20,3,0,37,40,10,2,51,COURSE-READY,,Keep. Spot-check only during publication QA.
part-7-language-vision-and-action/module-33-llms-as-planners-and-controllers/section-33.6.html,33,6,"Section 33.6: Tool use, action APIs, plan verification, replanning",1667,2,1,1,24,3,0,1,34,10,0,41,COURSE-READY,,Keep. Spot-check only during publication QA.
part-7-language-vision-and-action/module-33-llms-as-planners-and-controllers/section-33.7.html,33,7,"Section 33.7: Memory, state tracking, and hallucination in physical tasks",1664,2,1,1,18,3,0,1,13,6,0,37,COURSE-READY,,Keep. Spot-check only during publication QA.
part-7-language-vision-and-action/module-33-llms-as-planners-and-controllers/section-33.8.html,33,8,Section 33.8: Safe LLM-agent interfaces,1662,2,1,1,23,3,0,10,14,10,40,55,COURSE-READY,,Keep. Spot-check only during publication QA.
part-7-language-vision-and-action/module-34-vision-language-action-models/section-34.1.html,34,1,Section 34.1: From VLMs to VLAs: the core idea,1644,2,2,0,23,5,0,14,24,3,43,50,COURSE-READY,,Keep. Spot-check only during publication QA.
part-7-language-vision-and-action/module-34-vision-language-action-models/section-34.2.html,34,2,"Section 34.2: The lineage: RT-1, RT-2, RT-X / Open X-Embodiment",1515,1,2,0,12,6,1,8,17,6,58,46,COURSE-READY,,Keep. Spot-check only during publication QA.
part-7-language-vision-and-action/module-34-vision-language-action-models/section-34.3.html,34,3,"Section 34.3: Open generalist policies: Octo, OpenVLA",1398,1,2,1,12,6,1,12,30,6,46,47,COURSE-READY,,Keep. Spot-check only during publication QA.
part-7-language-vision-and-action/module-34-vision-language-action-models/section-34.4.html,34,4,"Section 34.4: Diffusion and flow VLAs: RDT-1B, pi-zero, pi-zero FAST, pi-zero point five",1502,1,2,0,18,6,0,7,21,7,24,50,COURSE-READY,,Keep. Spot-check only during publication QA.
part-7-language-vision-and-action/module-34-vision-language-action-models/section-34.5.html,34,5,Section 34.5: Action tokenization vs. continuous heads; the FAST tokenizer,1513,2,2,1,13,6,0,7,17,7,15,53,COURSE-READY,,Keep. Spot-check only during publication QA.
part-7-language-vision-and-action/module-34-vision-language-action-models/section-34.6.html,34,6,Section 34.6: Co-training with web data for semantic generalization,1443,1,1,0,12,7,0,3,24,8,19,45,COURSE-READY,,Keep. Spot-check only during publication QA.
part-7-language-vision-and-action/module-34-vision-language-action-models/section-34.7.html,34,7,Section 34.7: Prompting and conditioning embodied policies,2196,6,1,1,12,6,0,28,35,13,34,58,COURSE-READY,,Keep. Spot-check only during publication QA.
part-7-language-vision-and-action/module-34-vision-language-action-models/section-34.8.html,34,8,Section 34.8: Evaluating VLA behavior; limitations and open problems,1480,1,1,0,12,7,0,6,46,16,37,48,COURSE-READY,,Keep. Spot-check only during publication QA.
part-7-language-vision-and-action/module-34-vision-language-action-models/section-34.9.html,34,9,Section 34.9: Action Representations In VLA Systems,970,1,1,1,16,4,0,4,16,6,14,44,COURSE-READY,,Keep. Spot-check only during publication QA.
part-7-language-vision-and-action/module-35-robot-foundation-models-and-cross-embodiment-learning/section-35.1.html,35,1,Section 35.1: Why foundation models matter for robotics,1275,1,1,1,26,4,0,9,9,7,9,47,COURSE-READY,,Keep. Spot-check only during publication QA.
part-7-language-vision-and-action/module-35-robot-foundation-models-and-cross-embodiment-learning/section-35.2.html,35,2,Section 35.2: Cross-embodiment training and transfer,1153,1,1,1,24,4,0,5,14,4,3,38,COURSE-READY,,Keep. Spot-check only during publication QA.
part-7-language-vision-and-action/module-35-robot-foundation-models-and-cross-embodiment-learning/section-35.3.html,35,3,"Section 35.3: Dual-system architectures: GR00T N1.5, Helix, Gemini Robotics (with Frontier Watch caveats)",1398,1,1,2,30,4,0,4,18,4,14,46,COURSE-READY,,Keep. Spot-check only during publication QA.
part-7-language-vision-and-action/module-35-robot-foundation-models-and-cross-embodiment-learning/section-35.4.html,35,4,Section 35.4: Large behavior models and rigorous evaluation,1081,1,1,1,24,3,0,10,28,3,5,43,COURSE-READY,,Keep. Spot-check only during publication QA.
part-7-language-vision-and-action/module-35-robot-foundation-models-and-cross-embodiment-learning/section-35.5.html,35,5,Section 35.5: Adapting to new robots; prompting and conditioning,1095,1,1,1,24,3,0,3,19,6,20,44,COURSE-READY,,Keep. Spot-check only during publication QA.
part-7-language-vision-and-action/module-35-robot-foundation-models-and-cross-embodiment-learning/section-35.6.html,35,6,"Section 35.6: Data scale, compute, and the open-vs-closed divide",1418,1,0,1,31,3,0,3,24,3,11,41,COURSE-READY,,Keep. Spot-check only during publication QA.
part-7-language-vision-and-action/module-35-robot-foundation-models-and-cross-embodiment-learning/section-35.7.html,35,7,Section 35.7: Limitations and open questions,1309,1,0,2,16,7,0,7,38,6,7,49,COURSE-READY,,Keep. Spot-check only during publication QA.
part-7-language-vision-and-action/module-35-robot-foundation-models-and-cross-embodiment-learning/section-35.8.html,35,8,"Section 35.8: Serving, Fine-Tuning, And Evaluating Open Robot Foundation Models",1418,1,2,1,17,5,0,8,57,9,25,53,COURSE-READY,,Keep. Spot-check only during publication QA.
part-8-world-models-and-model-based-embodied-ai/module-36-predicting-the-future/section-36.1.html,36,1,Section 36.1: Why agents need to predict,1235,1,1,1,16,5,0,7,19,10,4,46,COURSE-READY,,Keep. Spot-check only during publication QA.
part-8-world-models-and-model-based-embodied-ai/module-36-predicting-the-future/section-36.2.html,36,2,Section 36.2: Forward/dynamics models; state vs. observation prediction,979,1,1,1,18,3,0,10,10,4,7,42,COURSE-READY,,Keep. Spot-check only during publication QA.
part-8-world-models-and-model-based-embodied-ai/module-36-predicting-the-future/section-36.3.html,36,3,Section 36.3: Error accumulation and horizon,1130,1,1,0,29,3,0,12,17,9,7,48,COURSE-READY,,Keep. Spot-check only during publication QA.
part-8-world-models-and-model-based-embodied-ai/module-36-predicting-the-future/section-36.4.html,36,4,Section 36.4: Uncertainty in prediction,1108,1,1,1,18,3,0,34,25,6,31,49,COURSE-READY,,Keep. Spot-check only during publication QA.
part-8-world-models-and-model-based-embodied-ai/module-36-predicting-the-future/section-36.5.html,36,5,Section 36.5: Planning with predicted futures,1136,1,1,0,23,3,0,11,20,12,11,49,COURSE-READY,,Keep. Spot-check only during publication QA.
part-8-world-models-and-model-based-embodied-ai/module-37-model-based-rl-and-mpc/section-37.1.html,37,1,Section 37.1: Model-free vs. model-based trade-offs,1126,1,1,1,18,3,0,19,27,6,17,49,COURSE-READY,,Keep. Spot-check only during publication QA.
part-8-world-models-and-model-based-embodied-ai/module-37-model-based-rl-and-mpc/section-37.2.html,37,2,Section 37.2: Learning dynamics models; ensembles and uncertainty,1079,1,1,0,16,3,0,21,11,12,35,45,COURSE-READY,,Keep. Spot-check only during publication QA.
part-8-world-models-and-model-based-embodied-ai/module-37-model-based-rl-and-mpc/section-37.3.html,37,3,Section 37.3: Planning with learned models; MPC and CEM/MPPI,1085,1,1,1,16,3,0,11,13,16,30,49,COURSE-READY,,Keep. Spot-check only during publication QA.
part-8-world-models-and-model-based-embodied-ai/module-37-model-based-rl-and-mpc/section-37.4.html,37,4,Section 37.4: Imagination rollouts,1053,1,1,0,21,3,0,7,17,3,11,42,COURSE-READY,,Keep. Spot-check only during publication QA.
part-8-world-models-and-model-based-embodied-ai/module-37-model-based-rl-and-mpc/section-37.5.html,37,5,Section 37.5: Sample-efficiency advantages and failure modes,1112,1,1,1,16,3,0,11,43,24,9,51,COURSE-READY,,Keep. Spot-check only during publication QA.
part-8-world-models-and-model-based-embodied-ai/module-38-latent-world-models/section-38.1.html,38,1,Section 38.1: Why predict in latent space,1370,1,1,0,32,3,0,10,23,3,7,44,COURSE-READY,,Keep. Spot-check only during publication QA.
part-8-world-models-and-model-based-embodied-ai/module-38-latent-world-models/section-38.2.html,38,2,Section 38.2: Autoencoders and recurrent state-space models (RSSM),1369,1,1,0,32,3,0,21,22,14,6,48,COURSE-READY,,Keep. Spot-check only during publication QA.
part-8-world-models-and-model-based-embodied-ai/module-38-latent-world-models/section-38.3.html,38,3,Section 38.3: Dreamer to DreamerV3,1240,1,1,0,21,3,0,16,10,7,29,45,COURSE-READY,,Keep. Spot-check only during publication QA.
part-8-world-models-and-model-based-embodied-ai/module-38-latent-world-models/section-38.4.html,38,4,Section 38.4: Transformer world models (IRIS),1225,1,1,0,17,3,0,4,16,11,6,43,COURSE-READY,,Keep. Spot-check only during publication QA.
part-8-world-models-and-model-based-embodied-ai/module-38-latent-world-models/section-38.5.html,38,5,Section 38.5: TD-MPC2: latent MPC at scale,1225,1,1,0,17,3,0,12,16,7,36,48,COURSE-READY,,Keep. Spot-check only during publication QA.
part-8-world-models-and-model-based-embodied-ai/module-38-latent-world-models/section-38.6.html,38,6,Section 38.6: World models for visual control,1183,1,1,0,24,3,0,15,29,4,17,45,COURSE-READY,,Keep. Spot-check only during publication QA.
part-8-world-models-and-model-based-embodied-ai/module-39-generative-and-video-world-models/section-39.1.html,39,1,Section 39.1: Generative models as learned simulators,1214,1,1,0,22,3,0,8,21,7,5,45,COURSE-READY,,Keep. Spot-check only during publication QA.
part-8-world-models-and-model-based-embodied-ai/module-39-generative-and-video-world-models/section-39.2.html,39,2,"Section 39.2: Genie 1-3: interactive, playable world models",1308,1,1,0,18,3,0,9,32,6,3,43,COURSE-READY,,Keep. Spot-check only during publication QA.
part-8-world-models-and-model-based-embodied-ai/module-39-generative-and-video-world-models/section-39.3.html,39,3,Section 39.3: Video generation as world simulation: Sora and successors,1193,1,1,0,18,3,0,7,21,3,8,43,COURSE-READY,,Keep. Spot-check only during publication QA.
part-8-world-models-and-model-based-embodied-ai/module-39-generative-and-video-world-models/section-39.4.html,39,4,Section 39.4: NVIDIA Cosmos: world foundation models for physical AI,1298,1,1,0,16,3,0,5,25,14,2,41,COURSE-READY,,Keep. Spot-check only during publication QA.
part-8-world-models-and-model-based-embodied-ai/module-39-generative-and-video-world-models/section-39.5.html,39,5,Section 39.5: GameNGen and Oasis: neural game engines,1146,1,1,0,16,3,0,6,33,3,6,40,COURSE-READY,,Keep. Spot-check only during publication QA.
part-8-world-models-and-model-based-embodied-ai/module-39-generative-and-video-world-models/section-39.6.html,39,6,"Section 39.6: Using generative world models for data and evaluation (e.g., humanoid pipelines)",1291,1,1,0,28,3,0,10,15,12,8,49,COURSE-READY,,Keep. Spot-check only during publication QA.
part-8-world-models-and-model-based-embodied-ai/module-39-generative-and-video-world-models/section-39.7.html,39,7,"Section 39.7: Evaluating consistency, controllability, and horizon",1113,1,1,0,24,3,0,14,26,3,2,38,COURSE-READY,,Keep. Spot-check only during publication QA.
part-8-world-models-and-model-based-embodied-ai/module-40-predictive-representations-and-self-supervised-world-models/section-40.1.html,40,1,"Section 40.1: Predict in representation space, not pixels: the JEPA idea",2134,2,1,1,39,5,0,26,28,11,12,57,COURSE-READY,,Keep. Spot-check only during publication QA.
part-8-world-models-and-model-based-embodied-ai/module-40-predictive-representations-and-self-supervised-world-models/section-40.2.html,40,2,Section 40.2: I-JEPA and V-JEPA,1707,2,1,1,24,5,0,7,25,9,46,55,COURSE-READY,,Keep. Spot-check only during publication QA.
part-8-world-models-and-model-based-embodied-ai/module-40-predictive-representations-and-self-supervised-world-models/section-40.3.html,40,3,Section 40.3: V-JEPA 2 and action-conditioned latent planning,1666,2,1,0,28,5,0,8,24,4,30,50,COURSE-READY,,Keep. Spot-check only during publication QA.
part-8-world-models-and-model-based-embodied-ai/module-40-predictive-representations-and-self-supervised-world-models/section-40.4.html,40,4,Section 40.4: Self-supervised pretraining for control,1851,2,1,1,28,5,2,12,66,18,18,51,COURSE-READY,,Keep. Spot-check only during publication QA.
part-8-world-models-and-model-based-embodied-ai/module-41-diffusion-and-generative-planning/section-41.1.html,41,1,Section 41.1: Diffusion models as planners,1882,2,1,1,22,5,2,11,73,18,21,51,COURSE-READY,,Keep. Spot-check only during publication QA.
part-8-world-models-and-model-based-embodied-ai/module-41-diffusion-and-generative-planning/section-41.2.html,41,2,Section 41.2: Diffuser and Decision Diffuser,1765,2,1,1,24,5,2,16,65,19,21,50,COURSE-READY,,Keep. Spot-check only during publication QA.
part-8-world-models-and-model-based-embodied-ai/module-41-diffusion-and-generative-planning/section-41.3.html,41,3,Section 41.3: Generative trajectory planning and scoring,1745,2,1,1,28,5,2,14,65,21,20,50,COURSE-READY,,Keep. Spot-check only during publication QA.
part-8-world-models-and-model-based-embodied-ai/module-41-diffusion-and-generative-planning/section-41.4.html,41,4,Section 41.4: Generating scenes and synthetic experience,1752,2,1,1,32,5,2,13,75,16,30,50,COURSE-READY,,Keep. Spot-check only during publication QA.
part-8-world-models-and-model-based-embodied-ai/module-41-diffusion-and-generative-planning/section-41.5.html,41,5,Section 41.5: Risks of generated experience,1694,2,1,1,28,5,2,14,67,13,48,50,COURSE-READY,,Keep. Spot-check only during publication QA.
part-9-manipulation-locomotion-and-embodied-skills/module-42-robotic-manipulation/section-42.1.html,42,1,Section 42.1: What manipulation is; reaching and pushing,1206,1,2,1,19,3,0,8,25,11,11,52,COURSE-READY,,Keep. Spot-check only during publication QA.
part-9-manipulation-locomotion-and-embodied-skills/module-42-robotic-manipulation/section-42.2.html,42,2,Section 42.2: Pick-and-place pipelines,1183,1,2,1,19,3,0,5,14,8,14,48,COURSE-READY,,Keep. Spot-check only during publication QA.
part-9-manipulation-locomotion-and-embodied-skills/module-42-robotic-manipulation/section-42.3.html,42,3,Section 42.3: Contact-rich interaction,1078,1,2,1,16,3,0,8,14,20,4,46,COURSE-READY,,Keep. Spot-check only during publication QA.
part-9-manipulation-locomotion-and-embodied-skills/module-42-robotic-manipulation/section-42.4.html,42,4,Section 42.4: Perception for manipulation,1103,1,2,1,18,3,0,23,28,11,8,52,COURSE-READY,,Keep. Spot-check only during publication QA.
part-9-manipulation-locomotion-and-embodied-skills/module-42-robotic-manipulation/section-42.5.html,42,5,"Section 42.5: Learning manipulation policies (IL, RL, VLA)",1142,1,2,1,18,3,0,31,24,7,33,51,COURSE-READY,,Keep. Spot-check only during publication QA.
part-9-manipulation-locomotion-and-embodied-skills/module-42-robotic-manipulation/section-42.6.html,42,6,Section 42.6: Failure detection and recovery,1086,1,2,1,18,3,0,4,38,10,5,45,COURSE-READY,,Keep. Spot-check only during publication QA.
part-9-manipulation-locomotion-and-embodied-skills/module-42-robotic-manipulation/section-42.7.html,42,7,"Section 42.7: Mobile Manipulation: Base, Arm, Perception, And Recovery",1177,1,2,1,16,3,0,4,13,7,10,45,COURSE-READY,,Keep. Spot-check only during publication QA.
part-9-manipulation-locomotion-and-embodied-skills/module-43-grasping-and-dexterous-manipulation/section-43.1.html,43,1,Section 43.1: Grasp synthesis: analytic and learned (Dex-Net lineage),1108,1,2,1,18,3,0,3,14,10,5,43,COURSE-READY,,Keep. Spot-check only during publication QA.
part-9-manipulation-locomotion-and-embodied-skills/module-43-grasping-and-dexterous-manipulation/section-43.2.html,43,2,Section 43.2: Parallel-jaw vs. multi-finger hands,1087,1,2,1,17,3,0,6,18,10,16,50,COURSE-READY,,Keep. Spot-check only during publication QA.
part-9-manipulation-locomotion-and-embodied-skills/module-43-grasping-and-dexterous-manipulation/section-43.3.html,43,3,Section 43.3: In-hand manipulation and reorientation,1103,1,2,1,17,3,0,2,11,3,8,38,COURSE-READY,,Keep. Spot-check only during publication QA.
part-9-manipulation-locomotion-and-embodied-skills/module-43-grasping-and-dexterous-manipulation/section-43.4.html,43,4,Section 43.4: Dexterous RL with demonstrations,1044,1,2,1,19,3,0,21,19,7,15,50,COURSE-READY,,Keep. Spot-check only during publication QA.
part-9-manipulation-locomotion-and-embodied-skills/module-43-grasping-and-dexterous-manipulation/section-43.5.html,43,5,Section 43.5: Sim-to-real for dexterity,1043,1,2,1,18,3,0,7,25,11,14,50,COURSE-READY,,Keep. Spot-check only during publication QA.
part-9-manipulation-locomotion-and-embodied-skills/module-44-tactile-and-visuo-tactile-learning/section-44.1.html,44,1,Section 44.1: Why touch matters for contact-rich tasks,1066,1,2,1,17,3,0,4,23,4,7,42,COURSE-READY,,Keep. Spot-check only during publication QA.
part-9-manipulation-locomotion-and-embodied-skills/module-44-tactile-and-visuo-tactile-learning/section-44.2.html,44,2,"Section 44.2: Vision-based tactile sensors (GelSight, DIGIT)",1025,1,2,1,17,3,0,2,31,3,16,40,COURSE-READY,,Keep. Spot-check only during publication QA.
part-9-manipulation-locomotion-and-embodied-skills/module-44-tactile-and-visuo-tactile-learning/section-44.3.html,44,3,"Section 44.3: Simulating touch (e.g., tactile sim in Isaac)",1101,1,2,1,17,3,0,8,20,20,3,47,COURSE-READY,,Keep. Spot-check only during publication QA.
part-9-manipulation-locomotion-and-embodied-skills/module-44-tactile-and-visuo-tactile-learning/section-44.4.html,44,4,Section 44.4: Visuo-tactile pretraining and policies,1063,1,2,1,19,3,0,13,16,5,1,41,COURSE-READY,,Keep. Spot-check only during publication QA.
part-9-manipulation-locomotion-and-embodied-skills/module-44-tactile-and-visuo-tactile-learning/section-44.5.html,44,5,Section 44.5: Combining vision and touch,1093,1,2,1,16,3,0,14,11,4,6,43,COURSE-READY,,Keep. Spot-check only during publication QA.
part-9-manipulation-locomotion-and-embodied-skills/module-45-locomotion-and-mobility/section-45.1.html,45,1,"Section 45.1: Wheeled, legged, and hybrid robots",1426,1,2,1,30,3,0,14,30,19,8,53,COURSE-READY,,Keep. Spot-check only during publication QA.
part-9-manipulation-locomotion-and-embodied-skills/module-45-locomotion-and-mobility/section-45.2.html,45,2,"Section 45.2: Balance, stability, and gait",1218,1,2,1,23,3,0,14,22,20,16,52,COURSE-READY,,Keep. Spot-check only during publication QA.
part-9-manipulation-locomotion-and-embodied-skills/module-45-locomotion-and-mobility/section-45.3.html,45,3,Section 45.3: Learning locomotion with massively parallel RL,1247,1,2,1,21,3,0,11,20,27,21,52,COURSE-READY,,Keep. Spot-check only during publication QA.
part-9-manipulation-locomotion-and-embodied-skills/module-45-locomotion-and-mobility/section-45.4.html,45,4,"Section 45.4: Terrain adaptation, parkour, and rapid motor adaptation",1246,1,2,1,16,3,0,21,17,14,12,52,COURSE-READY,,Keep. Spot-check only during publication QA.
part-9-manipulation-locomotion-and-embodied-skills/module-45-locomotion-and-mobility/section-45.5.html,45,5,Section 45.5: Energy efficiency; sim-to-real and safety in locomotion,1237,1,2,1,25,3,0,10,17,21,19,52,COURSE-READY,,Keep. Spot-check only during publication QA.
part-9-manipulation-locomotion-and-embodied-skills/module-46-humanoid-robots-and-whole-body-control/section-46.1.html,46,1,"Section 46.1: Why humanoids became the focus (data, morphology, hardware cost)",1282,1,2,1,12,3,0,3,22,17,10,47,COURSE-READY,,Keep. Spot-check only during publication QA.
part-9-manipulation-locomotion-and-embodied-skills/module-46-humanoid-robots-and-whole-body-control/section-46.2.html,46,2,"Section 46.2: Platforms: Unitree G1/H1, Figure, Optimus, 1X, electric Atlas, Apptronik",1316,1,2,1,19,6,0,3,17,4,21,44,COURSE-READY,,Keep. Spot-check only during publication QA.
part-9-manipulation-locomotion-and-embodied-skills/module-46-humanoid-robots-and-whole-body-control/section-46.3.html,46,3,Section 46.3: Whole-body and operational-space control,1144,1,2,1,37,3,0,33,15,4,7,46,COURSE-READY,,Keep. Spot-check only during publication QA.
part-9-manipulation-locomotion-and-embodied-skills/module-46-humanoid-robots-and-whole-body-control/section-46.4.html,46,4,"Section 46.4: Learning from humans: HumanPlus, OmniH2O/HOVER, motion retargeting",1096,1,2,1,22,3,0,8,35,4,3,43,COURSE-READY,,Keep. Spot-check only during publication QA.
part-9-manipulation-locomotion-and-embodied-skills/module-46-humanoid-robots-and-whole-body-control/section-46.5.html,46,5,Section 46.5: Teleoperation for humanoids,1140,1,2,1,25,3,0,4,32,4,4,40,COURSE-READY,,Keep. Spot-check only during publication QA.
part-9-manipulation-locomotion-and-embodied-skills/module-46-humanoid-robots-and-whole-body-control/section-46.6.html,46,6,Section 46.6: Dual-system humanoid foundation models (tie-back to Ch. 35),1233,1,2,1,16,3,0,4,16,4,7,43,COURSE-READY,,Keep. Spot-check only during publication QA.
part-9-manipulation-locomotion-and-embodied-skills/module-46-humanoid-robots-and-whole-body-control/section-46.7.html,46,7,Section 46.7: Safety for human-scale robots,1120,1,2,1,19,3,0,12,16,4,13,48,COURSE-READY,,Keep. Spot-check only during publication QA.
part-9-manipulation-locomotion-and-embodied-skills/module-46-humanoid-robots-and-whole-body-control/section-46.8.html,46,8,Section 46.8: Advanced humanoid dynamics and contact mechanics,1279,1,1,1,30,3,0,28,31,17,11,52,COURSE-READY,,Keep. Spot-check only during publication QA.
part-9-manipulation-locomotion-and-embodied-skills/module-46-humanoid-robots-and-whole-body-control/section-46.9.html,46,9,Section 46.9: Boston Dynamics-style loco-manipulation research track,1000,1,1,1,12,4,0,28,39,16,13,49,COURSE-READY,,Keep. Spot-check only during publication QA.
part-9-manipulation-locomotion-and-embodied-skills/module-47-drones-and-aerial-embodied-ai/section-47.1.html,47,1,Section 47.1: Why aerial agents are special,1472,1,2,1,26,1,0,15,56,22,0,44,COURSE-READY,,Keep. Spot-check only during publication QA.
part-9-manipulation-locomotion-and-embodied-skills/module-47-drones-and-aerial-embodied-ai/section-47.2.html,47,2,Section 47.2: Flight dynamics intuition,1409,1,2,1,26,1,0,42,59,22,0,43,COURSE-READY,,Keep. Spot-check only during publication QA.
part-9-manipulation-locomotion-and-embodied-skills/module-47-drones-and-aerial-embodied-ai/section-47.3.html,47,3,"Section 47.3: Perception, navigation, and obstacle avoidance",1476,1,2,1,26,1,0,12,60,22,0,44,COURSE-READY,,Keep. Spot-check only during publication QA.
part-9-manipulation-locomotion-and-embodied-skills/module-47-drones-and-aerial-embodied-ai/section-47.4.html,47,4,Section 47.4: Coverage and inspection; multi-drone coordination,1484,1,2,1,26,1,0,8,55,30,0,44,COURSE-READY,,Keep. Spot-check only during publication QA.
part-9-manipulation-locomotion-and-embodied-skills/module-47-drones-and-aerial-embodied-ai/section-47.5.html,47,5,"Section 47.5: Safety, regulation, and simulation for aerial agents",1525,1,2,1,26,1,0,17,56,18,3,47,COURSE-READY,,Keep. Spot-check only during publication QA.
part-9-manipulation-locomotion-and-embodied-skills/module-47-drones-and-aerial-embodied-ai/section-47.6.html,47,6,Section 47.6: Quadrotor dynamics and flight control,1144,1,1,1,34,5,0,14,44,12,11,51,COURSE-READY,,Keep. Spot-check only during publication QA.
part-9-manipulation-locomotion-and-embodied-skills/module-47-drones-and-aerial-embodied-ai/section-47.7.html,47,7,Section 47.7: Trajectory generation and GPS-denied missions,1065,1,1,1,16,6,0,6,10,5,18,42,COURSE-READY,,Keep. Spot-check only during publication QA.
part-9-manipulation-locomotion-and-embodied-skills/module-47-drones-and-aerial-embodied-ai/section-47.8.html,47,8,"Section 47.8: PX4 To Hardware: SITL, HITL, Logs, And Flight-Test Evidence",1783,1,2,1,30,6,0,3,63,12,21,50,COURSE-READY,,Keep. Spot-check only during publication QA.
part-9-manipulation-locomotion-and-embodied-skills/module-48-autonomous-driving-as-embodied-ai/section-48.1.html,48,1,"Section 48.1: Driving as perception, prediction, planning, control",1519,1,2,1,26,1,0,12,58,25,0,44,COURSE-READY,,Keep. Spot-check only during publication QA.
part-9-manipulation-locomotion-and-embodied-skills/module-48-autonomous-driving-as-embodied-ai/section-48.2.html,48,2,Section 48.2: Sensors and sensor fusion in AVs,1530,1,2,1,26,1,0,10,70,21,8,52,COURSE-READY,,Keep. Spot-check only during publication QA.
part-9-manipulation-locomotion-and-embodied-skills/module-48-autonomous-driving-as-embodied-ai/section-48.3.html,48,3,"Section 48.3: Detection, lane and behavior prediction",1491,1,2,1,26,1,0,12,55,17,0,44,COURSE-READY,,Keep. Spot-check only during publication QA.
part-9-manipulation-locomotion-and-embodied-skills/module-48-autonomous-driving-as-embodied-ai/section-48.4.html,48,4,Section 48.4: Route and local planning,1472,1,2,1,26,1,0,13,54,17,0,44,COURSE-READY,,Keep. Spot-check only during publication QA.
part-9-manipulation-locomotion-and-embodied-skills/module-48-autonomous-driving-as-embodied-ai/section-48.5.html,48,5,Section 48.5: End-to-end and world-model driving,1495,1,2,1,26,1,0,16,57,17,0,44,COURSE-READY,,Keep. Spot-check only during publication QA.
part-9-manipulation-locomotion-and-embodied-skills/module-48-autonomous-driving-as-embodied-ai/section-48.6.html,48,6,Section 48.6: Scenario testing and safety cases,1498,1,1,1,26,1,0,11,55,17,12,51,COURSE-READY,,Keep. Spot-check only during publication QA.
part-9-manipulation-locomotion-and-embodied-skills/module-48-autonomous-driving-as-embodied-ai/section-48.7.html,48,7,"Section 48.7: Vehicle kinematics, dynamics, and control",1069,1,1,1,34,5,0,22,24,3,6,43,COURSE-READY,,Keep. Spot-check only during publication QA.
part-9-manipulation-locomotion-and-embodied-skills/module-48-autonomous-driving-as-embodied-ai/section-48.8.html,48,8,"Section 48.8: Route, behavior, and scenario-based planning",1065,1,1,1,12,6,0,7,18,11,9,48,COURSE-READY,,Keep. Spot-check only during publication QA.
part-9-manipulation-locomotion-and-embodied-skills/module-48-autonomous-driving-as-embodied-ai/section-48.9.html,48,9,Section 48.9: Closed-Loop Driving Evaluation And Safety Assurance,1685,1,2,1,48,7,0,3,44,13,13,50,COURSE-READY,,Keep. Spot-check only during publication QA.
